id,dim0,dim1,dim2,dim3
0,440.501906934803,4.049239089477779,-1.5433977283375355,-0.4617135551960066
1,439.4972953848595,-4.955409468027637,-0.1948040717247765,-0.7596619368706323
2,438.49840928766275,-3.591062704224707,-0.028975743703275575,-1.1919718267149213
3,437.4987917186009,-3.1034382257270963,-0.0018595245625444767,-1.3189453716792103
4,436.4972665721535,-5.022656943105693,-0.3375592640274661,-0.535669755229682
5,435.49790225849847,-4.25107887808331,-0.0805905306970662,-1.0274146665377855
6,434.49679905490706,-5.446265352572865,-0.48893830083231715,-0.42939420814182455
7,433.49992611976927,-1.9382259028919209,0.09850909994348955,-1.7156772663455855
8,432.4996612689711,-0.6127953141475181,-0.5163842406475724,1.105874185198776
9,431.4979501262272,-2.8496445812531945,-0.5202689379380236,-0.9156372989616374
10,430.5161313648062,20.18017206993881,-2.029580985641614,-2.620465091663818
11,429.50653132718344,7.265705014276485,0.1761937137368654,-0.040025428796120505
12,428.5026826615007,1.57377019688557,-0.7397153655311625,-0.783828106198304
13,427.5116395197294,14.365306727770067,0.870756244943374,-0.3085868045342625
14,426.5060186054895,6.371922394014179,-0.8184295006667738,1.6554395601063097
15,425.5032391868226,2.450625745144747,-1.5221959755141872,1.788121494068201
16,424.5037806054867,2.9976522413403566,-1.5996438981347811,1.445410341366414
17,423.50790500171587,9.55315602567436,-1.0309010358078605,2.626534608470274
18,422.5186455314251,27.837834590372218,1.99665415028528,-0.4620811837958767
19,421.4967799020294,-5.538951710644857,-0.38962829809210914,-0.4772960050669383
20,420.49905552950725,-2.7765286565305436,-0.1891638115029157,-0.8835737745484091
21,419.4978637854486,-4.160777794984088,-0.5668037870986512,-0.59157255113953
22,418.4971325625656,-5.0285008477530155,-0.590040159510638,-0.509752226298769
23,417.4983027277379,-3.8949510291602656,-0.2556859801436862,-0.8034660208354246
24,416.49967339296677,-2.2906194131576383,0.1602625790304217,-1.6441511461658234
25,415.49701715580017,-5.314708318732986,-0.4476615453424506,-0.389472261815668
26,414.4966922514032,-5.627511558607661,-0.4659803233642577,-0.409019652047913
27,413.49835686186225,-3.2020316476555633,-0.7785385857772843,0.4491364110403337
28,412.49772806549396,-4.191387919602947,-0.7299699232286545,0.41515634275022356
29,411.50787686388355,10.989732530768633,-1.437218341168873,4.3899292256744245
30,410.50570390777284,6.110696534598186,-0.714912481446148,1.2050519861098874
31,409.5000975265277,-0.7494922645701833,-0.9703539749494238,0.03593910788165195
32,408.49897394663094,-2.7690693511175732,-0.6731181419343918,-0.9444058836935081
33,407.49771092967245,-4.032021792930783,-0.8187589339752893,0.1861505108831548
34,406.49784417493714,-4.258434762997311,-0.4136851813738561,-0.649522996108755
35,405.4974009782387,-4.81009306937387,-0.5800192144742751,-0.4705514450552706
36,404.50169028598845,1.1687932551742033,-2.536698588261461,-1.1748149251571147
37,403.50012094772444,-1.1398179582692456,-1.500904122940747,-1.0603702171160787
38,402.49749035025303,-4.377038867520808,-0.6379893614957719,0.187595024509288
39,401.5019413468661,1.555335330571913,-0.45150819376038825,1.1088271435977213
40,400.49764793971997,-4.536782316431522,-0.692369766866576,-0.3490911959612975
41,399.50856813095305,12.439514394535804,3.5415673821167446,2.8724575748010968
42,398.4976312768512,-4.696792636836762,-0.557496141947443,-0.26019115445243574
43,397.49821118303004,-3.7927781201693014,-1.1055046205739238,-0.2371451415337076
44,396.49748489417294,-4.430905861007579,-0.5372629873387391,0.1456498105115501
45,395.49824306715425,-3.861904443629581,-0.8301290092184079,-0.37205019156533964
46,394.4978111388579,-4.262838230376244,-0.45479855672199043,-0.29520302298982093
47,393.49929370295996,-2.6816134860562224,-0.1567772133681102,-1.1484578619019208
48,392.49692961315975,-5.4791631074577705,-0.5931371867535383,-0.14071999628176526
49,391.49752937188936,-4.372413872179935,-0.54049117588562,0.13943920267030743
50,390.50645995801415,6.476998882175153,-1.8806225388907967,1.93762348058823
51,389.503987345202,4.260862408049568,-1.9024903235021047,2.630766654599924
52,388.4982586632449,-4.054770879604815,-0.512921180187124,-0.3704689750015327
53,387.49832179352893,-3.5068518946823732,-0.4762716482742139,-1.0841600266341673
54,386.49795074074797,-3.7748713213823732,-0.8025900841902518,0.09475173386470984
55,385.4979409306177,-3.9545318103809506,-0.5572534307398787,0.13185985199784056
56,384.49844218256186,-3.302267412593793,-0.48345394413259785,-0.2276932229029563
57,383.49886573779617,-2.88397608147567,-1.0348602273550775,0.4148007515824386
58,382.4986817704197,-3.106427456884967,-0.8296011147827055,0.2583833819790727
59,381.49754524246305,-4.30816358908054,-0.7181284020917786,0.20686921870158584
60,380.4975596411997,-4.134551333118199,-0.2850294880712797,-0.30330533846144664
61,379.4977356551716,-4.201255840138186,-0.5965743660023269,0.22245955790557634
62,378.4976852072949,-4.237907976976461,-0.6604359589780504,0.27044929191183154
63,377.49744625494526,-4.50374287935485,-0.5376525241457606,0.16351710133043448
64,376.49839501788773,-3.303833768345461,-0.7222656041429083,0.07601321409761609
65,375.50390999536086,2.6761934701908765,-2.285310346496086,1.0410692481497845
66,374.50455002533704,5.295654485281176,0.4323375229101406,-0.7269151021861193
67,373.49760721029367,-3.9536868125102904,-0.2958161467758178,-0.7491187366122104
68,372.50168156473586,1.3912152058742375,-0.0388649895673526,-1.1768767045620878
69,371.49801876792276,-3.376239472071836,-0.7743821160380563,-0.3427164025952745
70,370.5005338755898,-0.3258748050887641,-0.9536789218192869,0.9446103744048179
71,369.50462731032155,5.154283541437887,-1.2459180398462837,1.2819172836637045
72,368.50588187648094,6.711773021885481,-0.5544119873856653,1.1966434383129496
73,367.50497709421035,6.124940358553502,1.3004514173417612,3.1880981644328665
74,366.50744622804444,7.683153562899989,-0.8135600481377046,0.07007497910707258
75,365.50091182899297,-0.8080629314756194,1.411530472768871,1.513619475508743
76,364.49901726563365,-2.5446076852623873,2.338286799368264,0.6829664063570536
77,363.4973442892469,-4.349422648562848,3.441822400561161,-0.5299993401081249
78,362.4973167530752,-4.662083709684225,-0.5893340335931081,0.236811224683621
79,361.4986599629125,-2.517587905971705,-0.6495928118118268,1.1964275252202468
80,360.4979940355947,-3.993152542548404,-0.7878228955239325,0.4903516828319936
81,359.499132052161,-2.2037210477533624,-0.778029872945606,0.3674528801714245
82,358.4989163359687,-2.8284803038398505,-0.6998931351411186,-0.019066359798811654
83,357.4984585114241,-3.366181472793307,-0.9589818636519496,0.39699220434645266
84,356.4980124259789,-3.87002401824737,-0.6661721934167268,0.15535228894106198
85,355.497701500103,-4.1160534040783885,-0.8151034438308592,0.19744331485435548
86,354.49868486281696,-1.0971177456157652,2.840532244984241,-1.1726728555549675
87,353.5000913785997,-0.9259290729311052,-0.7328903208985115,-0.5825990660949215
88,352.49841977135634,-2.8812851345528805,-0.9645190753670164,0.29469942490404016
89,351.4998288950026,-1.1276917831616728,-0.8489893828108485,0.31650440157559434
90,350.5056049886272,6.312467541638497,-0.347206395035757,0.09653126818656718
91,349.4999929677104,-1.8203788314376284,1.3158944362601954,1.7423357316020955
92,348.50481227945727,6.501262604713326,2.088776879466648,4.043711089945197
93,347.4980378256064,-3.4580419678573087,-0.5192889039142004,-0.6518658476669498
94,346.4973610032503,-4.262818115733956,-0.3650857278055256,-0.6201191821714146
95,345.50243462776336,3.466760488327166,0.3999198686583023,-0.2478827856840409
96,344.4966180650862,-5.021011148239506,-0.5598604046448621,-0.4070699349460162
97,343.50642288335126,12.46579942140462,3.776131377536604,5.26000663048271
98,342.5048966288816,5.522616847499318,-1.112932361852564,1.1503178018569682
99,341.50172231296636,4.65639229864616,8.698811854520828,-2.7575848914142855
100,340.5066460902767,8.054834415626273,-0.07384893403434029,0.01496573958758931
101,339.5020512725731,3.891994075853385,3.5094326903646134,1.1428720960532648
102,338.4959615758321,-4.604805215154586,-0.23042116686422232,-0.27341976960958136
103,337.5107136844428,16.713947582533077,4.97335463736081,1.139536952609467
104,336.4972168962817,-4.315477261366588,-0.5204196327280031,-0.6457382637631265
105,335.4975927016158,-3.9258380814972855,-0.44869124962040474,-0.6349773681138149
106,334.4969516548892,-4.5987868614196525,-0.6382824243268336,-0.4944874951399866
107,333.49669991525104,-4.966319702796589,-0.42218249537126434,-0.4791883233104533
108,332.4990132008657,-1.2688686598097887,-0.06154333687718043,0.258689088063133
109,331.49707343858194,-4.47918223773116,-0.5696383305471129,-0.5694497622930486
110,330.4981503272818,-2.8479236091628564,-0.8021593091788015,-0.053092103190119665
111,329.50242918767856,2.6364155233639592,-0.8914810262863556,0.7667820485250473
112,328.49820578532245,-2.9656048915886006,-0.7146601380928769,0.17067865643263716
113,327.50775636598985,10.534083563497802,0.6420680267022326,-0.9530878494358729
114,326.4982324285363,-2.859980915107202,-0.7009944609176696,0.01951141113293445
115,325.50202690835283,4.084267561770322,0.07443222062686514,1.4069909506940208
116,324.49936179317,-1.5770149068651866,-0.3460652370651176,-0.5105933017978833
117,323.498893522427,-2.0804145093639823,-0.657679318062908,-0.04605253041193441
118,322.5064983023358,9.622064517826791,0.139950554133513,2.4328769662197183
119,321.4985848200093,-2.411710667810223,-0.9053967808496919,0.13837667057659728
120,320.50848426795824,15.15213847467831,0.6593066307761067,5.63807611431509
121,319.5071559064148,8.251194509899106,-0.26207433224643334,-0.5684366288925564
122,318.50242330566124,3.0510582883024586,-0.010585651653764426,0.09114826314600777
123,317.4971040336912,-4.228442911496727,-0.780687229553987,0.4563805699467086
124,316.4995522996048,-1.4348637218105063,-0.605723394189348,-0.20057768968121104
125,315.5013329569929,1.6747757418405254,-0.04015027506402199,-0.6009867589616855
126,314.4984493162812,-2.7221277281662535,-0.46885630931973493,-0.1739749963427963
127,313.50034201096025,0.11257655374549144,-0.6493048397965865,0.13423016060975215
128,312.4980083585626,-3.258493816417749,-0.6713198363628432,0.21590951767862082
129,311.4980110352598,-2.772152849468906,-0.6582006941283689,0.5537705241015585
130,310.50435180037977,5.141771072892643,0.2524241582164875,-0.9109721950732149
131,309.5044759053667,8.231890913773043,3.939745119152526,1.1769268035635332
132,308.5071616553944,7.461080115882481,0.6262544944704901,-3.046208796183029
133,307.49773405390596,-1.9449269989794349,3.1871651470051146,0.7851857025976677
134,306.4963934267347,-5.374618397688725,-0.4927806954306002,-0.34845835598945574
135,305.50146570411005,0.6398153959021162,-1.626803033672104,0.8681329466111287
136,304.49887190800035,-2.4704168952227263,-0.7431726351302133,-0.12327691355464164
137,303.49955653991725,-0.8715036190149877,-0.5855269216443143,1.4265824687854383
138,302.49827561581884,-1.640336481982325,2.700965769731172,-0.019016938692527286
139,301.4989180529983,-2.4781186345316293,-0.933132093818666,0.22224781349680378
140,300.4995526924047,-1.4031384605311044,-0.783567364402418,0.7779028237410102
141,299.4988217341869,-2.4155141986599578,-0.46835620727672567,0.9062898983808022
142,298.50610847009176,7.34025684182762,-1.7038886238694018,2.6354066762103003
143,297.50089279202274,0.1531248333329328,-0.5564604477412707,-0.24515387407765044
144,296.50204467388517,1.8274031711867391,-0.3400684763078803,-0.14612433432849473
145,295.5015999661088,0.8155078984296659,-0.40880100636905387,-0.36940420314237254
146,294.5001782777219,-1.144890680926924,-0.11044623187396613,-0.8798033206444958
147,293.49945876966854,-2.0560274027765297,-0.6176357625540271,0.00774360344011106
148,292.49834834183525,-2.9700440464622977,-0.55403797723073,1.117156188131608
149,291.5057006934375,7.126131003512447,-0.2613623292083115,1.501420591571267
150,290.4989428131552,-2.56312016281769,-0.7240806855311884,0.11124621609528704
151,289.49795472033986,-3.656823983318671,-0.6111608675751071,0.15641628896759113
152,288.49845922835095,-3.3541865361423366,-1.0298914110690098,0.3035198361454358
153,287.5004970098037,0.1191972038015273,-0.2526047818296551,-1.1587720884246786
154,286.51081459068587,11.333582668547535,-0.15972994969197737,-2.2438973003919336
155,285.50699878825395,7.414833614852805,0.15077962487026386,-1.799374351774657
156,284.5121953959123,12.701195484885677,-0.25045530033228464,-3.169218739746223
157,283.5046348974861,6.541576205176741,-1.0094528493651997,0.12983631740004153
158,282.5030717064628,3.2582883707600185,-0.6946127823486754,1.4365076522742593
159,281.5003717995397,-0.9937766910538467,-1.0923713517623495,0.12418275576613891
160,280.4989639827393,-2.450479540707713,-0.7882829876969504,-3.402237193676033e-05
161,279.5008653110345,0.2278714979085063,-0.7017090266002866,-1.61587267381438
162,278.50080007678054,-0.594772567462016,-0.43733590773985337,-0.6373072907615112
163,277.4988782536526,-2.596699748922221,-0.8833244472531916,0.20638375694880448
164,276.4982272377747,-3.290010669204371,-0.493224928281306,-0.10820052421869036
165,275.50034041435754,-0.29335009008713525,-1.1417573195305972,0.4214088950088942
166,274.4999448761185,-1.3251430582897634,-0.7989741774209452,-0.20651207543030328
167,273.4975296204164,-4.514770704970053,-0.6147539595177193,0.18619066755651303
168,272.4992874956233,-2.1946475887776318,-0.6611785525542024,-0.03843587066987069
169,271.5007476263485,-0.3392462721034531,-0.9015989782528213,-0.281192070539766
170,270.49990084045174,-1.4437676016887906,-0.6934751929782519,-0.2488764162786753
171,269.49956628289124,-1.9481513494552443,-0.6250051815419152,-0.018651857570702295
172,268.500385595209,0.2103179473495797,-0.40669306574129976,-1.5371085991181117
173,267.49948024935037,-1.9414706233204644,-0.2968506980068042,-0.5255655032050449
174,266.49857913647804,-1.2706785125379751,-0.1013820509377637,0.47478352268691293
175,265.5050566379624,5.2461139619177,-1.0503907272618875,0.7928037230766595
176,264.50240113890794,4.479263919158307,3.9981603096504177,0.5338013999130348
177,263.51058850672536,11.460068776663485,-0.15228813744889666,-2.3850192603241336
178,262.5061077368772,6.723067423758375,-1.1132058035750325,0.6267202789217542
179,261.50608392754805,7.655104824010163,-0.9182797207966007,2.6602348010474843
180,260.5052810598655,5.630400819366007,1.8839485572407513,1.7992192365281767
181,259.50393572058846,5.365790663268757,-0.5321789800244565,-0.05451389994939729
182,258.500349712633,0.2304705799319949,-0.825642676864901,-0.4291239517379389
183,257.5027670430258,1.8698879016272778,-0.32586575397393286,-1.0618563878207838
184,256.497387475462,-3.7903814306867116,-0.35278397088528635,-0.6362909272142229
185,255.49896056596413,-1.336608709131841,-0.22410733189068432,-0.6149856697274406
186,254.49656058317336,-4.689025898873608,-0.43570581027056265,-0.4415156056951455
187,253.49866788157914,-1.9175858513611677,-0.8440999543200912,-0.22136500614059965
188,252.4981919388489,-2.494191587159966,-0.6026364018936199,-0.03202359277670267
189,251.49796296755434,-2.822826472805877,-0.5537829042473428,-0.8120006005349282
190,250.49941998464408,-0.9877204220463136,-0.3938677392842781,-0.4974793848938281
191,249.49710440044169,-3.7407925932366033,-0.7927096874164937,0.4501294536292522
192,248.501606748143,-0.13898338707199606,-1.4451191745458227,0.6940996312348979
193,247.5013339592975,1.1495118921100498,-0.3909397780852415,-0.6710482165212316
194,246.5056389878779,6.2634859941274,-1.6022521994488588,2.210642322908687
195,245.5051767631835,5.3700497037281485,-2.0777445086097117,1.999540920112078
196,244.50002631414625,0.25436593738677155,-0.3427311205233963,0.05311357949706174
197,243.50181898661506,0.14973206537378114,-1.585743302525171,0.6687292381192348
198,242.5006361083149,-0.42634635172089597,-1.5460724173244904,0.7887307718763245
199,241.4972955384907,-3.3867529186286336,-0.9367156864138622,0.30771650425867947
200,240.5015301299142,0.3455190472082572,-0.9405209373554696,0.18267717826446916
201,239.50167325794865,1.0318263295141987,-0.5523324328419069,0.07463988129461518
202,238.50099929736604,-0.025875413782165835,2.184389473662848,0.8734486855514607
203,237.49928074754004,-0.44698145950768137,-0.14184707767217575,0.15656043478046033
204,236.49973820476114,-1.5878942829893896,-1.6356025061708959,1.2634239826066866
205,235.5030330783954,3.6193748370326384,-1.034684795611144,2.741940543473204
206,234.50622801162098,5.629884057440482,-0.663219600448596,-0.9374227020617719
207,233.5032006458532,2.99481479852222,-1.7823410087332643,2.1384513963670253
208,232.49954182803137,-1.881432190493272,-1.2977279657107763,1.061777019680255
209,231.50321604606407,2.543963741615486,-0.5335770558165708,-0.7150295259450072
210,230.50310514913252,3.655889898559458,3.7674141217473576,-0.3150283235358765
211,229.50639640211546,10.46937882387743,-0.5644471787138758,2.9955645262986765
212,228.50312002530487,4.481048298369283,-0.23233882005100548,2.404305089006028
213,227.49844554150047,-1.2657767238085236,-0.009527912817719033,-0.4857121501301657
214,226.50093482087732,1.264344427120373,3.0602545328709345,1.3766066280421148
215,225.50326409362918,3.848585501421774,-0.17260483179285532,-0.10111039656984086
216,224.51433439585227,15.589898821099837,0.9107732349251239,-4.310082957201922
217,223.50771235570687,9.355597722192686,-0.4927241151036592,0.16716293253977177
218,222.50127660988315,0.6944750706608847,-0.6562669116147766,0.6034160062932133
219,221.51066193750614,13.715537106386536,1.1072245739695155,-2.173510109830814
220,220.50257567590566,2.0238932904399185,-0.8752601719713691,-0.4114330671600848
221,219.50015641675745,-0.8756780519831618,-0.8996905597851961,0.7359703776640051
222,218.50944538332678,13.074714373725298,-0.6073910245251954,1.108444824159985
223,217.4993466170358,-2.1981325134028054,-0.6619540866501793,-0.050218885042034644
224,216.5117939709953,13.850759006466266,0.6368055102242546,-2.7099866801298536
225,215.50014125764616,-1.2439789977592686,-0.22508178894061687,-0.7946252548834932
226,214.50173267305638,0.41732606002844824,-0.1967776763134303,-0.9897465632082464
227,213.50285812072508,2.273547303000654,-0.40644674025677613,-2.1185737796266113
228,212.4990061001837,-1.9651799946522115,-0.8142394990405253,-0.6514982418082933
229,211.49935755482085,-1.8928399128026212,-0.5343970598645418,-0.3856309472314034
230,210.4998281956569,-1.050218942698141,-0.6744806174767805,-1.400294790063293
231,209.50129022152996,0.539474951596413,0.3660845305256819,-1.4507997721654695
232,208.4993769020955,-1.7556990491581588,-0.9905560750876736,-0.572892425314221
233,207.50008287318397,-0.6233619210230382,-0.21652784239484915,0.19861467065766686
234,206.50068354472265,-0.6733799715300528,-0.04032559196921864,-1.0759119752414137
235,205.50042249281236,-0.1953389030190095,-0.9566476627478626,-0.25735417371274494
236,204.50478715429946,5.369758938354169,-0.011790913802100815,-2.166031358659562
237,203.5057573905971,9.116665623010116,-0.5543489471658152,2.2747411011042917
238,202.49933671086163,-1.934487075339849,-1.1326914214665529,-0.44618315861284874
239,201.50178798282406,0.8211941235947802,0.12601342095706092,-1.5810837274483562
240,200.4990055430554,-2.298874297984584,-0.3624431108773042,-0.42920649358925533
241,199.4962764265305,-3.4455697186180148,4.188864922087985,-0.07272219044755991
242,198.5014981952285,2.2865298301259025,-0.733594142735704,-0.6496168474001578
243,197.51045274227334,12.620254913814277,0.8530172875727241,-1.1679611360041042
244,196.49777265979424,-2.731600718891796,-0.28896418873374974,-0.44852285632040256
245,195.49655795248043,-3.316221198384724,3.1618880993537406,-0.005740378523434158
246,194.49821358416162,-1.179594203942913,3.6046650781840888,-0.4880330093632499
247,193.49863401692028,-1.9663175579845864,-0.5507057990162749,-0.6760359068959836
248,192.49928882865277,-1.6088854501012781,-0.10911109595866118,-1.399454467146175
249,191.49847501139993,-2.6112794735862797,-1.648379527079906,0.6640115118032476
250,190.49760880907056,-3.5728267233243063,-0.4434760373195721,-0.6623500166675361
251,189.4962121422265,-4.014979475375157,3.226211843668164,-0.23812443050240412
252,188.50038809347578,-0.18875892956859056,-0.023693995005810244,-1.746935580890062
253,187.5072299760864,11.070432563029671,-0.2994594597352496,2.0066168814651686
254,186.50496205515898,7.526105880253124,-0.949324966664016,2.330601232157688
255,185.49895289666844,-0.7549204914208546,2.122920784384453,1.5856939704805728
256,184.5047996590981,8.621200484139703,-0.24415043340805087,4.890427411456364
257,183.5057107846599,6.308104505691579,-0.6566088941723874,0.01004536932989446
258,182.5050058112796,7.043914148339472,-1.164381239857651,0.7897480203530395
259,181.5025927162861,3.291186602004901,-0.7523438148123561,-0.6328197786189436
260,180.50054949313775,2.7126290948491554,3.0410010352100483,1.4031197966390543
261,179.50401922782305,5.278578108014213,-0.5434567945788717,0.11393167126715932
262,178.49884544900854,-1.7067962921951803,-0.17411472373414072,-0.6312065726603548
263,177.49646582990084,-4.913259189368252,-0.6384541443782191,-0.1538064125482931
264,176.4972265010878,-3.91867963305363,-0.6048212913810931,-0.5969681110884316
265,175.49701390933387,-4.257810581026648,-0.39838152030575213,-0.6110550482543181
266,174.49903430629206,-2.225763235423342,-1.3113633975179928,-0.4463912545708021
267,173.49716140644773,-3.126307799114698,0.1787059058305188,0.544080009457468
268,172.4981094694181,-3.0144650539674362,-0.7230143591400762,-0.753261378150228
269,171.4969492331901,-4.389029230778383,-0.9566894278456212,-0.8108606513994155
270,170.49781705958563,-3.65911412786659,-0.9978170952677821,-0.4632292976952936
271,169.49832348745736,-1.8159704248261705,-0.5785034665400751,-0.4860667773401443
272,168.49855334223497,-2.618892209714074,-0.708173777029947,-1.1192108877115414
273,167.51326739276476,17.824375895301003,1.4240597116788127,-3.297022389458783
274,166.4994259807292,-1.440411983546801,-0.2677017966975875,-0.59749015751517
275,165.49804371749588,-3.1250863320304165,-0.8359810043140748,-0.7811083502114702
276,164.49686505305257,-4.413398254897916,-0.5076888565769364,-0.5049945965578664
277,163.4987594935657,-1.5934335862396392,-0.25824681554547985,-0.24245243375551903
278,162.49904863945906,-1.4861934422698422,-0.14892855457461412,-0.5700179272880849
279,161.49665887391825,-0.8984395171826096,3.339076388231925,1.4879159080521611
280,160.50839529234767,9.511448431918716,0.3555165693210055,-1.3292181806395942
281,159.5075701528585,8.200375992588857,0.6020704476821748,-2.94792192688044
282,158.4983588943454,-2.6958697166564924,-0.40961217097633346,-1.3290643664320327
283,157.50260571312765,2.2076819497058846,2.7513352687984702,0.7445697940238711
284,156.4981983946584,-3.167240879922656,-0.8942423681408925,-0.8073226360348519
285,155.49992677056966,-0.9730004684192549,-0.832734667506683,-1.3783537012597928
286,154.5005914119988,1.3378133307755213,-0.46160049725055935,-0.1708552477490875
287,153.50718689537777,9.083669533408953,-1.268490122473136,2.6504014732972565
288,152.49796920027345,-1.534220902353788,-1.119376364187047,0.1372953327684768
289,151.4986546613373,-1.5219802794997945,-0.3533376813335024,-0.5087419062203453
290,150.49895235202118,-2.08495672896144,0.024035133800962085,-1.512379340988232
291,149.49949022483548,0.5529325506013579,7.481039616644331,-0.1667590516618858
292,148.49621510149154,-5.189920255797975,-0.6110789163242486,-0.2155185259575897
293,147.4980509497181,-3.0243650967849054,-0.6309121750515735,-0.7361964148624952
294,146.51051945280292,10.888634654931614,0.2570552445991851,-2.969406781016175
295,145.49885697906336,-2.520761139981077,-1.3374570204632423,0.7825487005055348
296,144.4963688693686,-5.026928948933258,-0.56019445797351,-0.2944772353745132
297,143.49799604233067,-1.773426028833221,-0.9191308664639093,-0.32155484355389097
298,142.49832513737348,-2.691384312229701,-0.29769368683579656,-1.0942058802952395
299,141.49762916141967,-3.600763577768223,-0.26473303535839365,-0.8896518581605536
300,140.49948759242517,-2.113975013377819,0.029189082395988136,-1.4783783949199831
301,139.5120146333897,15.4637457971127,9.33283862779792,-2.617052365465973
302,138.50377622008972,4.420443118549122,-0.5176775397436805,-1.0556226911632143
303,137.5042575160323,5.79693471924211,0.06504302215706281,0.018336477227710493
304,136.5053627909286,7.44204333982498,-0.9351455960595385,1.0737503518804634
305,135.49851387204967,-2.7811996730842323,-1.0004962038640457,-0.652135505312458
306,134.49748475440063,-3.858661547621906,-1.4260727477270982,-0.304918956095422
307,133.497379551768,-4.055590151200269,-0.8127942860880709,-0.8642875484694975
308,132.5019629374553,2.2510051402207445,-0.9662276600334816,1.1121471804565293
309,131.50412951163327,4.3498810537427754,-0.9372479394427252,1.0356179345761938
310,130.50685611045026,9.862902559483341,2.545991533041121,3.7449508206652147
311,129.49827369292683,-2.2908788258469572,-0.7363872988323162,-0.23575492241053286
312,128.49877433529096,-2.369059839086519,-0.4633100123176708,-1.396033587553145
313,127.49803812966519,-3.2918625446992476,-0.49118032974595077,-1.4108595989660204
314,126.4989218472187,-1.499784017284269,0.7173394956745613,-0.7254793651422137
315,125.4981567630019,-2.9171374322051626,-0.7049923542385111,-1.182457601806632
316,124.50400577846953,3.523984754052556,-0.4856642446770099,-0.32105054832730007
317,123.4986268520414,-1.9442771862377326,0.2509065877578352,-0.29698044712662336
318,122.49732546671409,-3.502924891718016,0.10852980908149171,0.06375616069786619
319,121.50221963700506,2.1349242892741174,1.8322338646585716,2.589303151664789
320,120.50008083909373,-0.013843711087868927,-0.862396256748462,-0.545819505008884
321,119.49641727328934,-4.5435464433264485,0.310208281467528,0.1013777780096376
322,118.49739647581718,-3.167113365036946,0.11255280531291208,0.16431656916313978
323,117.49653665116229,-4.995652421456616,-0.8806132434898183,-0.6826353302750834
324,116.49751326062933,-3.7685665835277478,-0.9722170787944028,-1.0010224603915463
325,115.49898163996079,-2.032765136545531,-0.8334850829317664,-1.6084292005913465
326,114.5003472574371,1.1599953520363344,-0.31171069414661357,1.2352754192251785
327,113.49703512922139,-4.303015698273182,-0.43337742085107533,-0.5911600010019433
328,112.49680534737041,-4.544513830468261,-0.5424589233098412,-0.457751990385135
329,111.49708917524052,-4.241025796973173,-0.43216751671187625,-0.6119677219339007
330,110.49669441259896,-4.5594682907987325,-0.8677922066519964,-0.2700891144640252
331,109.49794807267683,-2.839643146959002,-0.9501336002652965,0.24152790829013054
332,108.49825654575174,-2.4666714544004296,-0.7710315115421338,-0.09359440738087854
333,107.49794064025018,-2.5825945218792294,-1.0030079646708487,0.5772261264878493
334,106.49791897103934,-2.8589234171534197,-0.8226237037968746,0.05322783325489998
335,105.50295411184936,2.2455104533886834,-0.8568865119457286,0.45742149169658874
336,104.50057595694072,-0.33253340247547625,-0.631161344871928,-0.17166593409724282
337,103.49755137644445,-1.3379100621826925,3.8134746404350834,-0.053575466370645204
338,102.50033549299094,-0.936943247356372,-0.8447252123607984,0.3179577801778931
339,101.49870754684977,-2.678673280775969,-1.167265167958525,0.49488090805035373
340,100.49762451460687,-2.9332576503727172,-0.3617715629815848,-0.6727204602924066
341,99.50260321246452,3.0464801984195695,-0.5018387847038422,-0.20595346122483668
342,98.49672690145533,-4.571780399229666,-0.29661000669655335,-0.8174099323120416
343,97.50069927670434,0.2886786869173658,2.216950740920598,1.672179942576086
344,96.49552398245051,-4.844762761078283,6.390407435539614,0.11356462877512412
345,95.49627049636013,-4.803904625785461,2.8318880981799897,0.08315296350075535
346,94.49507507755222,-5.2476531684107925,6.426724562387638,-0.5662252360142885
347,93.49797699395855,-3.3431881733228557,-0.45281899817275817,-0.05356791790589885
348,92.49914715974408,-0.7971320087209349,6.72750261951158,-1.1218849109000666
349,91.49859891202938,-1.3063383656649856,3.8728152910314213,-0.6859763858035525
350,90.50035200638754,-0.04657841839957592,-1.07220511066131,1.5132716785336253
351,89.49927344395682,-1.6547763119589485,-0.6669963550689755,-0.21909165638039055
352,88.4989810996691,-1.8373926028197827,-0.6091258688978168,0.032851567093005456
353,87.4972283844134,-3.577480136947871,3.3333753532019235,-0.05655067174470105
354,86.49734790410785,-3.2116280366790178,3.332549704278561,-0.24419013046083307
355,85.4968849314134,-4.1166724353618545,3.1195069504486526,-0.22492211593737751
356,84.49723439955218,-3.2013992288919924,0.31506314835141597,0.6293576271914879
357,83.49764327630169,-3.961956000872496,-0.8390168357808265,-0.444769758456225
358,82.4999664309251,-1.1596891834194871,-0.25494417209305464,-1.409303689295697
359,81.50186618344897,2.5089963362250502,2.8406838245717743,0.8296931686780981
360,80.4954114737661,-4.2455314927318,3.2950919940882875,0.16720911318590315
361,79.5037320494166,3.315356815100649,-0.8269375513297536,0.15434846523100698
362,78.5014317161024,0.9609719923283454,-1.5768853339722082,1.0865023585121643
363,77.50627641712336,7.757283155694807,-0.6883596663129086,0.6722351816779352
364,76.50086705338603,-0.5177393318372419,-1.3139018453881797,0.7903160419584857
365,75.4966773970588,-4.450310663802722,3.024773670480131,-0.21722099472599507
366,74.50177783760157,1.0133160699902002,-0.01683009570678667,-1.848722498335557
367,73.49922536244937,-2.215285493285054,-0.1591768955768356,-1.2616717412826985
368,72.49762128328683,-3.2009969575270243,3.1258292393137617,-0.341008759303598
369,71.49940129160619,-1.9033262929511778,-0.40330826590956137,-1.210366336964177
370,70.49686453980505,-4.497581804035547,-0.410358480640947,-0.6782840282060199
371,69.49595655259482,-4.514055116385546,3.011285741157521,0.08637893669371938
372,68.49884829554824,-0.9969877245134662,-0.14846445687457752,-0.17061231023956228
373,67.49887980762699,-0.8403363336977283,-0.7955137791136468,-0.7443670744987495
374,66.5007649597556,1.9182735430330669,-0.9415659999060719,-0.20833458254744888
375,65.49915099482924,-0.7195536306663897,-0.5294074321080713,-0.713477780338024
376,64.49959589234786,-1.1797424333740048,-0.35414795217892797,-0.6987773177851454
377,63.50017173811045,1.0828837406564609,-0.7138147998948804,0.07319831617122353
378,62.498270814888286,-3.227528852063557,-0.4378941165934429,-0.47203534414520126
379,61.49751385234633,-2.162172611112075,-0.1856214475715326,1.6689725152568888
380,60.49862454386021,-0.48433705367472535,-0.22943957522683944,2.051255374529758
381,59.50134612960012,0.8437413164567813,-0.5035270088162959,-0.9961621416675828
382,58.49793430550645,-2.6009361745836284,-0.452954170521035,0.4118118187935026
383,57.50333919079523,3.847148211391428,0.5418368370583965,-1.3536270068104443
384,56.4985382370307,-2.4649185939373104,-0.5351970097598491,-0.27535075676959586
385,55.497499073793364,-3.586221757526491,-0.6982812146693853,0.047417239407683935
386,54.49941938039207,-2.1219044937571816,-0.11691071867037423,-1.5570526664344873
387,53.49797755122403,-2.1501296031168278,-1.1578102083351007,-0.39764969880787415
388,52.50155308262664,2.324112716971025,-0.5971322426737228,-1.6696611027714565
389,51.502453092978776,3.7511258437217645,-2.606637260547852,-1.3185730072739632
390,50.50142699126245,3.1042055432575912,-0.7712820340092776,0.6927597301731256
391,49.50000781311909,0.08241077235160128,-0.601208581634669,-1.4825276502563263
392,48.500519444685175,0.38679556834108647,-0.639696259194755,-0.513957950570688
393,47.495720599935105,-4.182097132622857,3.2464782567549477,0.09905174988727242
394,46.497241998100094,-4.079045523216254,2.888891736917711,-0.11619616179515267
395,45.498196216180204,-2.672882183777991,-0.584819887839508,1.062647834340033
396,44.50164078267508,0.6072670255642663,-1.3162979561055468,0.35074809040112565
397,43.498506598431135,-2.485156463504184,-1.0775692481468624,0.2507497598360429
398,42.49539706688933,-4.391564035174875,6.121400945608706,0.25832547607860057
399,41.499690586065036,-1.6199384390536766,-0.850121270639812,-0.07396784090696534
400,40.499764282887426,-0.6627018135957948,-0.2134746267445547,-0.209139720599173
401,39.498405595502874,-2.12438507690442,-1.147974089598214,-0.8838941394025279
402,38.496867923025235,-3.9394722683139336,-0.5581377897616703,-0.11073438483726218
403,37.50459285550756,4.9600342750289705,0.27258937143111023,-1.3522883454137853
404,36.49821110438542,-0.7874108125830855,3.646013843118572,0.11827181826397305
405,35.49818154121597,-3.0216544308434914,-0.7451427632049895,0.2240256696199431
406,34.50140231457276,1.920128754778454,0.10187360521766739,0.038388016222872974
407,33.50453574998881,4.64511331945721,0.034092996206592785,-0.9638950020301211
408,32.500869059839204,0.26083941747604533,0.04799462376159873,-1.3857525138053353
409,31.499842046828064,-0.5840275956256936,-0.17968484946110297,-0.8117231709008592
410,30.497742135873988,-3.3644800497562057,3.6117424503510627,-0.8947537711438592
411,29.501380851140063,1.4811314635071364,-0.49079673551107056,0.8281551552852574
412,28.49907181701542,-1.2087107915712205,-1.4820788909537863,-0.25299584018319765
413,27.50109184629647,2.7473143414280092,-0.3449671203439699,3.014091212390914
414,26.501718202634386,1.513314894715717,-0.6407099652972158,-0.006392115213046867
415,25.503657735858376,4.6233814623700376,-3.5100587313906924,-0.42009343475735944
416,24.496606227886296,-3.6836468026547666,3.0816766633282375,0.25560345603801155
417,23.497198927576033,-3.6411324074689815,3.2284227566533503,0.059991208286481405
418,22.498124139292017,-3.127362034933373,-0.6886076623293311,-0.15719757993850964
419,21.49794212260756,-2.9404436907970806,-0.5072436859848932,0.614382034990472
420,20.49796101227305,-3.051306324634159,-0.808909801197847,0.25064561314230827
421,19.498575386107497,-2.2614586877728065,-0.5297088377148911,-0.7327734219611617
422,18.497467946468728,-3.3748688178267603,-0.6128546459639748,-1.137065155831713
423,17.500312915090202,0.48667347938195005,-0.3771183572353499,0.16270739939880388
424,16.498989740060892,-1.4249616617823049,-0.6571798150051812,-1.6130904886401105
425,15.497081091212495,-2.7108976184718148,3.408779953196443,-0.5429701477751122
426,14.496118159456438,-3.0942520902397015,2.766329117150378,0.1936067929381206
427,13.507824085340893,10.514532332156922,0.04659898012975691,-0.9873844725106502
428,12.497550517163369,-2.5909038585814703,2.4692133245884955,-0.015387194005938782
429,11.500165293912659,2.807731608987077,5.640436504403205,-0.19035934464814963
430,10.497193288187663,-2.2052862371087887,6.410940844047853,-0.5964020377693052
431,9.493298531676034,-4.10607720433401,7.248856377393574,0.15326770141457643
432,8.496103448364096,-2.0417333642475306,4.344185976752227,-0.3789304417792119
433,7.495969519452423,-4.4806111339431745,2.9025743827444863,-0.8008719206496594
434,6.495632274386235,-4.823875823039852,2.6306691901978057,-0.5519934136888548
435,5.500828360286902,1.0357245214116315,-0.8523979808540945,-1.1799397202579516
436,4.495192146318844,-3.12517647578392,4.426990434824557,0.15412020598588363
437,3.4956356831101703,-3.9556534932835197,4.105121038937457,0.04046417445194849
438,2.4950692790045994,-3.5933624156874564,7.414664052647907,0.43918356646473006
439,1.4977744593132882,0.8551731537600028,6.9071778692523935,1.3695625420534276
440,0.4982631633057164,-3.422283958873304,-0.5657227457172298,-0.78126373453081
441,-0.5037928961611016,-2.7436762289006276,4.396639994085275,0.40089132192309673
442,-1.5050977928877411,-3.7296404602496045,3.8556321008830854,0.6317452449945689
443,-2.4957899799863594,6.163087005351598,-1.0057922784859559,1.2074737420577837
444,-3.5030145368292316,-1.6450479694829008,3.828036844758702,1.7670518173049088
445,-4.50663547144568,-4.919763500850775,7.151801097313737,0.9806583736292998
446,-5.500367122932666,-1.8519305400677943,-1.083514194887014,0.42777456493157295
447,-6.496975208639869,5.763238823388876,-1.2020172253182735,0.9266490065601539
448,-7.501243685673063,-0.349820023856239,-0.0062842796233527716,1.306244797977515
449,-8.502056463987984,-3.1777604220881033,-0.5907645218825709,-0.15402421164593091
450,-9.500994623120032,-2.476069586011741,-0.30168072923742356,-1.1346458705556761
451,-10.499009717215081,-0.46219457109670287,-0.12407269984408323,-1.5678576630752494
452,-11.50006271756591,-0.155120294181581,-1.466379690045945,-0.13939814554332958
453,-12.499300551055514,0.42919060770482603,-1.7891941769985606,0.037287898988115534
454,-13.501498902231118,-2.6393983706318083,-1.0896839593766807,0.40049185672431287
455,-14.4966973243804,3.196140022926776,-0.6576028858994053,-1.1105327412120407
456,-15.494656610735868,5.74511574780731,-0.6301912387611215,-0.11717652880068986
457,-16.49954189284273,-0.2939422406294022,-0.5608508997068282,-0.13912504890744581
458,-17.5009632120931,-2.0213056695228437,-0.8347175131974723,-0.03932786745081474
459,-18.49971259074787,0.20897203992690613,-0.8835257558388039,0.7371096204515902
460,-19.501145639442008,-1.7784984624554576,-0.5836608287588493,-1.5217718436799264
461,-20.498134631950816,0.762611942345212,-0.14137664302619662,-2.222914045114874
462,-21.502935464801517,-3.852605416083107,-0.935581492031327,-0.7274729943400577
463,-22.500706237627973,-0.4099480048467825,-0.8117943839137152,-0.3923706265127979
464,-23.502361415499458,-3.991510324169746,-0.5482434362894657,-0.3191063531007523
465,-24.498510443954554,0.47321932273399814,-0.16400785051742833,-1.2962892430585695
466,-25.49828823431636,1.0566373255511257,-0.03115628397189863,-1.3500689370851402
467,-26.502574907427167,-3.386441851709091,-0.45958321457334284,-0.5920490158701393
468,-27.498632763005322,1.000689836735133,-0.3070486390436337,-0.7917659014151404
469,-28.498172450896977,1.119592421011247,-0.28127709297491776,-1.014112432052634
470,-29.500141608205173,-0.41675348480201585,-1.043330387014053,-1.0975487973274016
471,-30.499483126249235,0.730860279227949,-1.1675995854274153,-0.1893238719198585
472,-31.50197051359131,-2.235986227824741,-0.28732264233335364,0.7194481784111323
473,-32.495601253053884,4.585911325779983,0.27058764846157873,-1.6261397202613745
474,-33.500993698297044,0.10615475769797521,0.5116272404296713,1.2365750694809552
475,-34.502468363705056,-2.2808078137699486,0.1372437872741375,0.6754324284959763
476,-35.50083902516719,-1.7613784272176725,-0.9461785325197405,0.11445783778126177
477,-36.49896664985323,0.5153091405234588,-0.35359127902223275,-1.0320067580134333
478,-37.50090581867275,-0.3919425779068233,0.10898213012750788,0.594339421108892
479,-38.50114060718085,-1.7255179997711962,-0.3344348324106293,-0.04970268156234191
480,-39.498735441549535,0.9521191039587666,-0.8478846016652302,-0.4329349004594152
481,-40.50088603801832,-0.8284570734656286,0.11768192506569797,0.28259739441552956
482,-41.498336358626304,2.6833900310847665,-2.2171494299610393,-0.19192035925561385
483,-42.50353862729961,-4.675613341662828,0.16335664572174632,0.167122317043298
484,-43.50164590769038,-1.7822246525846415,0.3902639937351132,0.3419332103279426
485,-44.504532165980585,-4.579165824994202,4.0047397475383155,0.2284039782215196
486,-45.50230643478984,-3.2952382265821942,0.15916910015529212,-0.05854324245207364
487,-46.50278985016468,-3.7675488655653586,0.18793644533785347,-0.11918367963752659
488,-47.502793947483894,-3.6582951540675865,0.11705971437046986,0.01301558305413609
489,-48.499656988640446,0.7286298181551697,0.3006429130771997,0.8562470592664514
490,-49.50264754506318,-4.66770740287707,-0.5529709221307416,-0.6097263710717273
491,-50.49907365765589,0.9771997209778472,-0.35641929758873275,-1.9844207728774041
492,-51.50115582680362,-1.170256435980522,-0.1632054196914437,0.7044321754648943
493,-52.49882779629389,0.4279996482220356,-0.666134370928722,-0.02731671831022676
494,-53.49287225946093,7.931737496178335,0.3179712118864583,-1.9105330170931965
495,-54.503004370250686,-3.2108710661063373,-0.3243152148490204,0.48608574129466325
496,-55.5035888205749,-4.6510423027610415,0.28257442273879624,-0.07733626873480959
497,-56.498782738603175,0.7299166785576584,-0.35894799058192756,-0.3767348753984459
498,-57.50028605055209,-0.6515518998782328,-1.4228091265528968,-0.030995260275431803
499,-58.498995095363114,1.168362750280748,-1.3370709916355763,0.11963509735681876
500,-59.49708533366842,4.279181493325481,-1.1880507371187925,0.4264631309379723
501,-60.50232519905624,-3.636563424084199,-0.6910883315098958,-0.25532716999248845
502,-61.50359812735958,-4.691307761319672,-0.4547463395234427,-0.21318604458455528
503,-62.49987600470768,0.4489116185555534,0.3057290849484765,-1.6260710341464235
504,-63.500367750627184,-1.348093395741891,-0.13817739899319229,-1.1321877270584204
505,-64.4986753025449,1.1947558065249442,-0.9963063622444984,-0.6581181539523789
506,-65.50552436273027,-2.7184344639270392,7.175971357568119,0.47883080517399196
507,-66.49898678271924,0.3673835589101642,-0.06993339308521773,-1.156045341537476
508,-67.49808008461365,3.103390804031124,0.434803858779704,0.6068591059480372
509,-68.50120377345154,0.05681732786746848,-0.11181523262374606,1.7715662682048368
510,-69.49929664108927,-0.17448583785612498,-0.06204181438186693,-1.1711323973328773
511,-70.49868946011378,1.131384501890606,0.21085094059273712,-0.48161952590286794
512,-71.50141723759221,-2.0364278745141524,0.26264063135035975,0.39946230633123087
513,-72.50139191786154,-3.129684131722986,-0.40071165982142454,-1.061007307720854
514,-73.50137818038071,-3.3680418654150364,-0.8060098155157716,-0.35986116957115105
515,-74.50208954586263,-2.375665590324308,0.12974297780225122,1.0521676295029714
516,-75.5008870787398,-2.7467447649799515,-0.7407630610822574,-0.5286955462958991
517,-76.50025493676954,-2.141886135829987,-0.8275486910931306,-0.4502147265701989
518,-77.50229527043535,-3.4726775467567568,-0.029903494397198135,0.35155637348857444
519,-78.50353354123077,-4.170017093655438,0.4513393206451399,0.5480123624067804
520,-79.50264313050883,-2.98826192362297,0.559735672293139,0.5231449026714438
521,-80.5003556179194,-0.5565369299271926,1.0531070021685043,-0.6191889753482149
522,-81.50266253256363,-3.5200641166526028,0.12292782577661131,0.21790386175585683
523,-82.50025506805116,-0.30018330167755053,0.2680306834888214,-0.05756637640728722
524,-83.4997252469548,-0.26220280621306735,0.5537550331519823,-0.7570960324407834
525,-84.50212613937956,-2.672591133928197,0.28662625071261993,0.39203779984909426
526,-85.4989666265223,0.7116677244606322,0.2987936095448919,-0.056778832440606594
527,-86.50170011486298,-2.8731521187676536,-0.23942445034149049,0.5682099844631003
528,-87.498106106155,0.5930426993938656,-0.5740041750675172,-0.752709748545025
529,-88.49672326234075,3.9310413423349044,0.2858032879726246,-1.257726077055997
530,-89.49821415140612,1.607968179168209,-0.5828469066467792,-1.3109048406497328
531,-90.49889973500012,0.8214043047278448,-1.0524427176138056,-0.3771912631401666
532,-91.49857820912887,1.4215340433593842,-0.6844245852141436,-0.6566652072420013
533,-92.50233120368094,-2.073975451915882,3.392906495682125,0.3767253631657726
534,-93.5003488391882,-0.8854146717783984,-0.22306998249785465,-0.48126674894970334
535,-94.49880491375228,1.6680943200625045,-0.9825590415721399,0.6547083846063112
536,-95.50023527197123,-0.46938727051844925,-0.0615818396635569,-0.07873186496526664
537,-96.50026865679952,-0.1225529693370176,-1.0216721575472396,0.664140676038093
538,-97.50204071762354,-1.8164259882940164,3.200140657257032,-1.1153066234225057
539,-98.50286768295967,-3.230566858418444,0.044889075421108295,0.3432954298082813
540,-99.49966258474807,-0.1723309979239801,-0.3781666106912364,-0.7039752120619448
541,-100.49847359929403,1.8824419347841763,-0.6958612713768105,0.41286201433159536
542,-101.50141433279413,-2.382066479423401,-0.6687795000480463,0.0768508669458578
543,-102.4995787106387,-0.489551026951857,-0.3462511956953111,-0.7301876053897617
544,-103.50068967008927,-0.946496622342477,-0.7709065995297965,0.8697037984049664
545,-104.50253769232162,-3.1213331696983473,-0.9780897568942409,-0.3801049655523331
546,-105.49902749602923,-0.7309736225191068,-0.1541319361899471,-1.6671852176745061
547,-106.49802332143744,1.8893869189073609,-0.6861065257421037,-0.9831926921257444
548,-107.50063228348145,-0.8619656696089842,-0.6504229762937166,-1.1720388006778484
549,-108.49933998646097,1.8811302643038952,-1.0190385420136494,2.2647891165815195
550,-109.49637452357995,4.232742484507778,-3.8415804811501526,-0.3589077860695921
551,-110.49825836181182,3.8529647768478648,0.48990392071996847,2.66266231047719
552,-111.50123137169334,-2.499216698639449,-1.081168951404941,0.7667721403615587
553,-112.50063186314303,-1.0363703744736887,-1.5030145635955474,0.2800605426717369
554,-113.50169195798632,-3.2865124572623703,-0.9543835866730745,0.1703364709658519
555,-114.5012272376684,-2.759062147655806,-0.7828342071287426,-0.05177748574831502
556,-115.49806144824792,3.1704497083164913,-1.1272097841375703,1.5911285831189195
557,-116.50080238692371,-2.317876782918315,-1.0768552119826766,0.17583167054270465
558,-117.5015438055371,-3.0889852697234716,-1.2061442994618545,0.36608254597386153
559,-118.50296974538614,-1.9086885160907008,2.9522657592457864,0.9967366169965117
560,-119.50172340236651,-3.3985323692162517,-0.9814068962722219,0.33269608635013526
561,-120.50179038190737,-3.430045459229505,-1.1100384145452007,0.4142337034422129
562,-121.50284729139686,-2.5954923026289567,0.12131745920504029,0.31633525036828414
563,-122.50118802768193,-2.7013220616610343,-1.3045808616192631,0.4180700205085752
564,-123.50188165983423,-1.1294356779061114,0.18342563409237794,1.4733604124570427
565,-124.50076475531458,-2.334585952705273,-0.751187538356764,-0.11839265199455876
566,-125.50173162106242,-3.3807527067931162,-1.0719745351521082,0.37681413952920456
567,-126.50111008809792,-2.7097300235751174,-0.86828788857409,0.05970762680481705
568,-127.50179716396511,-1.4084215416006716,0.03810247053481842,0.6723401682043553
569,-128.50104996955955,-2.5816366221315836,-1.2067900220127545,0.3256394281633427
570,-129.50291823355096,-2.8213674948339684,-0.053595064216068224,1.0668614342992984
571,-130.5013018361594,-2.6160657484214784,-1.0667623564279627,0.7895330323266835
572,-131.50224158505313,-2.6333103918347582,-0.25765401360030105,0.6908891599992185
573,-132.50217926599092,-3.4474261167494666,-0.9106708801939807,0.18760053848638042
574,-133.4998565457989,-0.8211771948751945,-0.4698669714586199,-0.6801070396815119
575,-134.50143462322205,-2.659812590440465,-1.002690973754702,0.221340039054301
576,-135.50263942762896,-3.2027399286239966,-0.22326773983982798,0.5663117939250042
577,-136.50064286198673,-1.7938846131193082,-0.7564456191701686,-0.16967091204522483
578,-137.50047273419582,-1.6530412143798046,-1.0032749228662867,0.13647338881024337
579,-138.50157271047846,-2.8199640550480365,-0.838368978056904,0.06942028593926491
580,-139.49730627227117,2.231995462411279,-0.12948594503081987,-1.4329382358528506
581,-140.4948234823443,5.754160149502391,-0.16734605394585314,-1.159602684226381
582,-141.49801636271985,2.645832386820611,-0.6892886038502433,1.550447514235107
583,-142.500996859276,-2.2199880455422094,-0.8053951684678499,-0.024241576821078744
584,-143.49649655813084,2.8930130009275032,-0.3217579335146046,-1.3898808708382853
585,-144.499948287455,-0.9959568190949784,-0.8900624068691788,-0.23447928292928588
586,-145.50024695829248,-1.3148620454509858,-0.6997917842467514,-0.3128323277089146
587,-146.50007211660122,-1.1513444864121372,-1.1979285410514902,0.22855929176195233
588,-147.4931664332833,8.973044788812867,-0.21685926217528437,-1.9996091901684963
589,-148.49781096687104,3.0485734243612033,-1.1424324422165673,-0.3642712841419331
590,-149.5030860382545,-2.435140974096317,3.2888531590617145,0.44615943847204304
591,-150.50048543249702,-0.6237161802142083,-0.52936952622492,1.0015821416581185
592,-151.50080459813216,-1.2779823747360095,-1.3839731068650583,-0.43184059299713123
593,-152.4978749068903,3.5749143730611994,-1.2495574033947694,1.490475984811551
594,-153.49789923005702,2.3583363068717307,-1.3389456841018816,-0.24829125509569933
595,-154.49972636904755,-0.07875226475681359,-1.2024987374708804,-0.23336076493180383
596,-155.5006813761023,-0.7753466715439831,-0.2682134579388082,0.6109779792311336
597,-156.49284166573491,8.86920013416055,-0.5346164474404833,-1.1723526861978246
598,-157.50354709451076,-1.8091787233470555,6.792612068409695,-0.23363844173981338
599,-158.4961714481999,3.599429354561875,-0.16689363996369586,-1.9625375361930213
600,-159.4981713390791,2.144394824714662,-0.33712801565436634,-2.1394885908055854
601,-160.5018619386911,0.10950975869768484,2.8583531148769334,2.371967468174559
602,-161.5028794042877,-1.6341637638472408,3.2862653373314283,0.5404401963577155
603,-162.4983221904009,1.571635905538656,-1.2417699563948883,-1.2792898209363786
604,-163.50455088211518,-3.9738671589139565,3.4673383130220095,-0.1393229687890172
605,-164.49891429828767,1.4502481074654392,0.04029534164937427,0.8304265498749738
606,-165.50178157636105,-2.1401998114377356,-0.5371595144212519,0.7487412015112594
607,-166.49931879803611,2.1996568824827514,1.7982676340989516,1.2560757094244883
608,-167.504819543492,-4.2847290098449635,2.811245722626919,0.5639422093841466
609,-168.4995951268999,1.2462944069558084,-0.5649325120935768,2.2953636627191574
610,-169.49875359910433,2.8132144661294074,-0.27815483130729446,2.30183506358024
611,-170.49730573822117,5.192692194878508,0.3534097783913225,2.772940009907899
612,-171.49954509950652,0.6883775329601188,-0.3629260425302078,-1.5517603712357408
613,-172.49557525709912,9.453304510075645,4.624295033218792,2.075208767508111
614,-173.50296378243056,-2.017031806368476,3.070427220737557,0.06019979860712014
615,-174.50203508899452,1.909139787046075,11.356319786986758,-0.8964109394530214
616,-175.50086786443458,-0.4536219933989435,-0.4022991318225683,2.1134542922907764
617,-176.50111431809577,-1.8713049198727283,-1.4144331858370938,-0.4887443528908006
618,-177.50124112983653,-1.474161859956454,-0.9954665766155679,-0.4481690456762966
619,-178.5008418368674,-1.3588392311817585,-0.6492697041989928,-1.2584109916759814
620,-179.50232974257256,-3.2680402749005077,-1.1144661181296966,-0.8461327307354344
621,-180.50343687397984,-4.599402383962073,-1.1571744932135088,-0.41824084741315776
622,-181.496861668844,4.6456617518086825,-0.8747785010898921,-0.38791924707867825
623,-182.50298672313573,-1.3730460986965134,2.710326833181644,2.003806273385197
624,-183.49736081236185,3.375270507458036,-0.9593954573973423,-0.846277788281948
625,-184.50038363157802,-1.1247440929542554,-1.1598584079022713,-1.0288600199695541
626,-185.50455068320048,-3.9485320770555097,3.0795804348452522,-0.29477843263062853
627,-186.50156995382267,-1.8940119174301875,-0.8800805987459985,-0.34764896840650755
628,-187.50206067946368,-3.0701835808223277,-1.2482344288565201,-0.5589869322979767
629,-188.5012121910462,-2.020077601942873,-0.9091839135978883,-1.1324198951694944
630,-189.49807190412295,3.0859185693766187,-0.5983936169698378,2.4509216866782055
631,-190.49949306850982,2.197663028455015,-0.507742376365966,3.571998839519642
632,-191.50096824602988,-0.3733203405695129,-0.15722780540412407,2.114508550359997
633,-192.50123391259868,-0.9017958595903286,-0.21594162545024548,1.890758785533593
634,-193.50681935484312,-4.271693097063588,7.145041778139466,0.7116802602024449
635,-194.5036393595469,-2.5241282483217193,3.674470304833342,0.6129127046738955
636,-195.50508235979444,-4.179380896629201,4.0264155836643205,0.029960933697892655
637,-196.50499293603872,-4.552900189602016,3.508860967819203,0.5084337815036437
638,-197.5060011835311,-4.905697302051038,7.351555944052314,0.342985408193023
639,-198.49914302096985,2.0181948294803718,-0.38790390817934317,2.5145595516665544
640,-199.50004615121256,0.39867089242090586,-0.4690941734601169,2.270321115901218
641,-200.50053278703245,0.678487140256525,-0.4718299377692601,2.791783023647911
642,-201.5025199770234,-0.9791785859746847,2.8098607489218876,1.203954539287943
643,-202.50032534328508,1.829321686396695,-0.22580702037199385,2.2841026505058535
644,-203.49910436687654,2.6511231963448645,2.824211691068253,1.1184806652262995
645,-204.49908686472017,1.8640272636929496,0.5469046965045833,0.2134818165277539
646,-205.4973876772152,5.5380293892594095,-0.08856959004961633,4.410581106798447
647,-206.5023563750633,-3.117218006407465,-0.1895630545036472,0.4197434387412661
648,-207.50065933704292,-0.03077104946493537,0.22889555809001674,1.0672994769457247
649,-208.50166394653513,-1.881498582672,-0.23369479786451663,0.712222512533587
650,-209.50224530283228,-2.6102761743673644,-0.22870938003166372,0.34899248193339377
651,-210.50166138586124,-2.1650994134776522,-0.3184890169307316,0.47404362739416306
652,-211.4999571395165,-0.3260894646883343,-0.667405241557225,-1.2749212808911814
653,-212.50141542677667,-1.6501772795317116,-0.4287798039477253,1.2196305649685442
654,-213.50008221211607,-0.2522978072128498,-0.47412582649038304,0.8355425909401374
655,-214.50035661604844,0.13501240196098188,-0.3259309182510843,1.3462543007498093
656,-215.50175168636295,-2.1139245535050675,-1.1179563450270649,-0.4177662115287036
657,-216.50258630334474,-3.6506949112671356,-1.062888422633436,-0.7678352223454368
658,-217.50190423773216,-2.0337058921745506,-0.958288850413046,0.16203824324406577
659,-218.50085423696527,0.09263986976773858,-0.4461805074152209,2.6602358535844797
660,-219.5000317920574,-0.10350813434174061,-0.5771080567838266,0.5685513803442445
661,-220.50032713402328,1.6358755555157138,-0.2883030400053067,3.246902694061229
662,-221.50196576039713,-1.858242583596121,-0.2833468655832359,1.466060805911149
663,-222.50123049980016,-0.020380460847087712,0.043148989573853484,2.6632815081028083
664,-223.49852274734752,4.011699292561767,0.15355600567247102,3.0821715027262804
665,-224.50079179659502,0.593092813669801,0.01158094053976296,2.7704821494080374
666,-225.50123389101614,-0.48868285886630886,-0.19366595542670265,2.0138080947218993
667,-226.49830723928028,4.026579574517781,-0.022976622396002913,3.635260589368764
668,-227.50264368789385,-3.240755713991814,-0.28831035787250975,0.5036032336147412
669,-228.502763351462,-3.411846096802412,-0.22606649568725018,0.5199857802575946
670,-229.5016791036951,-0.636615204952626,4.333073954405246,-0.3037512453564769
671,-230.50240675659785,-3.035551361310867,-0.2586163441352434,0.5140067656398699
672,-231.50236706159512,-2.8996295851161173,-0.12491906303410966,0.22077784886131427
673,-232.4994681711457,2.313403898219416,-0.021847524089080493,2.728547666237201
674,-233.50176403467546,-1.4008527470240795,0.05090484553788422,1.2958692366874576
675,-234.50147553619917,-1.577795040056979,-0.3670480827011636,1.0974125557659613
676,-235.50160969287793,-1.7885131485866317,-0.4728171088868326,0.7180284311617002
677,-236.50206636078184,-2.20692064086521,-0.33099975502275436,1.065730265861425
678,-237.49865569020147,2.2089221984947733,-0.5048910376222895,1.7582153990088651
679,-238.49985913290402,0.2761288012063629,-0.29352309080315153,1.0426857034389863
680,-239.4982273481021,3.232854543355308,-0.03454329860082489,0.10197868459802586
681,-240.49873990532402,2.0321541172540187,-0.7905676038329686,0.4134896417517508
682,-241.49677489936028,3.7623613946764456,0.48927872709876286,-1.9778552604637694
683,-242.49966081626397,0.1429102286231138,-0.641317229930291,-0.32610716066690615
684,-243.4983271153064,1.970290473255085,-0.5796232132796499,-0.47231317972238407
685,-244.49988347229447,-0.05086829290928492,-0.34711827180588706,-0.3894855365947519
686,-245.5000894336475,1.2728328727109344,-0.023673674043413792,0.16221877805071175
687,-246.50254538639982,-2.376987153642464,-0.17841228036134438,-0.2544101012487927
688,-247.50238387059602,-2.47811604781961,-0.07691352345272376,-0.7258309560531103
689,-248.5010111851804,-0.8012041187085636,-0.5609083674335787,0.36610545930307153
690,-249.49436261966417,7.330961214309121,0.13370264855037323,-1.9154805094658818
691,-250.50293812358237,-3.0717512389828836,-0.5541017362395786,0.23048126060704754
692,-251.4968652758492,4.423956780166948,0.7122462993304715,-2.6498394558496674
693,-252.50034904314265,0.5630376765192232,-0.5377622135526109,1.2149193914717178
694,-253.5005741740161,-0.19747118650044546,-0.8505377421826427,0.3095536434840564
695,-254.4948859205237,7.064809103089861,0.4040408768236746,-1.7810535119142943
696,-255.4971383104171,4.3163460504696936,0.7134716673882953,-2.0739665235077926
697,-256.5035735400245,-3.7835417013144936,-0.5293947437738884,-0.0802943581215896
698,-257.5017564862558,-1.7268641039778916,-0.7613227555355819,0.8474183656736528
699,-258.50224855827963,-2.281909025344708,-0.10853208521456228,-0.7297845458738398
700,-259.5030820045169,-2.8512631692437496,-0.16308959275041326,-0.03844537032380365
701,-260.501512648163,-0.9180355893047327,0.28977694101089146,-1.0260043973577324
702,-261.5005661951552,-0.03541682945272292,0.45408183503608573,-1.2019494995015727
703,-262.50183757056317,-1.676459428074066,-0.18066523356671543,-0.7542650030596925
704,-263.50288146802984,-2.975602240716991,-0.6167432720875263,-0.1552457275098851
705,-264.5022480775139,-2.292058266328503,-0.36957022124103367,-0.4995950533627282
706,-265.50267113406267,-2.767597380036366,-0.4337289869637836,-0.2967389040086072
707,-266.49982951768277,0.8143029901598782,-0.23730277982724274,-0.5361456917344184
708,-267.5021820677014,-1.6476822949099292,0.177556074147943,-0.16809472789726768
709,-268.501686029446,-1.2692373682191218,-0.382714018906238,-0.716418152362392
710,-269.49766107441843,3.718391383991394,0.37630076703099224,-1.7227907939469327
711,-270.49922512609965,1.282223269678837,0.23183858103215838,-1.7972178176171592
712,-271.5015958742733,-1.0075935125682296,3.204325417655221,-1.2157319287830322
713,-272.5025139131387,-2.557002278179157,-0.4303996228340467,-0.32283772224485063
714,-273.501532532393,-1.098677683842689,-0.1018315947983786,-0.3315629281938497
715,-274.5019915918134,-1.7881442471847528,-0.2270737729500167,-0.8215728554248102
716,-275.5014920579632,-0.3957193472857126,3.697081629932477,-1.1348886041904906
717,-276.50285368043865,-2.5344451967057346,-0.455819109571037,0.05849748213301544
718,-277.502928675934,-2.982842841683686,-0.4543277530852035,-0.4877546474507673
719,-278.500237552908,0.35181276725739397,0.07418788734879042,-0.7141247608216674
720,-279.49528713511415,7.424233934609491,-0.6506275363876649,-0.42759878179766375
721,-280.50084078719055,0.08269437599460253,-0.8523621295333064,-0.4312076733743651
722,-281.50312167040335,-3.34030895249194,-0.13302608628320498,-0.5585195234862116
723,-282.5007310374923,-0.4130860061285787,-0.17433863383802994,-1.0355473897890004
724,-283.502906192018,-3.0910990247636936,-0.10102598022065098,-0.6533402520266348
725,-284.5031665238943,-3.4336568522168225,-0.4055811401991696,-0.14238951844804096
726,-285.50256012794443,-2.722822828215543,-0.14153936962971847,-0.6243874154634066
727,-286.50167234009444,-1.079501693680825,-0.992752942726121,-0.2918726733788414
728,-287.50265943256665,-2.195236269599218,-0.8938043029282228,-0.027275483004568783
729,-288.5014435067601,-0.4247392427794653,-0.8291520862010867,6.248478811778689e-05
730,-289.5029453941483,-3.068033929296337,-0.22922172101569507,-0.3293038824307382
731,-290.5021254642049,-1.541384100034772,-1.0807324704759769,-0.0638427199231148
732,-291.49864653384174,3.7901773243375625,-0.5308968721135953,0.29990982729386834
733,-292.50034502314224,1.0965309726513615,-0.5395374804196554,-0.35261057571015103
734,-293.5005526049337,0.5113217184795694,-0.9433989258945445,-0.4938404942198931
735,-294.50143540969975,-0.28057061497937946,-0.8875914279689698,0.22721030025505032
736,-295.503285704099,-3.4925081615302194,-0.5074306945094685,-0.1896515148884612
737,-296.50222010745864,-1.600226519534694,-1.0815093149849244,-0.10352655573194572
738,-297.50154832155823,-1.03656392115951,-0.6551723299250077,1.2499347237264218
739,-298.5004130287506,0.3074830284647194,-1.0994733240710672,0.16726120707907807
740,-299.5011887024964,-0.16588623626925886,-1.062838000546211,-0.1455342753882139
741,-300.49600971026996,6.946337284470039,-0.09985365705282374,-0.949337028041636
742,-301.49686496053056,6.327920281841572,-0.22690022853528077,-0.22107368299994817
743,-302.50123747307964,-0.9728089089860138,-0.3114595649514551,-0.9558105269237966
744,-303.5035180803154,-3.8015559155344665,-0.47233992171777356,-0.11807483905596693
745,-304.4986197746448,2.9576752644905198,-0.41626204897895025,-1.4132850864232347
746,-305.5021958816002,-1.814689989935575,-0.9081222996846253,-0.543370337793254
747,-306.4988744242089,2.7429611058485115,-0.25720915245323667,-0.8108554156652039
748,-307.5028721325698,-2.4244459926092152,-1.0429348070286026,0.12212679967299123
749,-308.50040671863024,0.5046629306007048,-0.8156999982364453,-0.32142142279280317
750,-309.5028297482423,-2.35461805395751,-1.097339326286779,0.1313339411189152
751,-310.4986483388629,2.603932157275589,-0.24664293084556815,-1.5547529975384549
752,-311.5020223063116,-1.6589212803574322,-0.7857344820958216,-0.6100841105756957
753,-312.5014431356247,-0.9259711314284873,-0.20288568816599375,0.672036073905721
754,-313.4820312277294,24.924602278892174,1.9888091013953442,-3.6627918737242
755,-314.50275515678027,-2.1743481085426475,-1.012118692461053,0.3549760780904371
756,-315.49833554403506,3.101762913182823,-0.17149295203726891,-1.6548582458353973
757,-316.5012880568196,-0.7579904289413564,-0.6269546104296594,1.1466730103813148
758,-317.5021151157847,-1.4060908862640313,-0.9076140678479486,-0.05273066845211906
759,-318.5027732336215,-2.409888940090144,-0.31266529107447993,0.9650381250432845
760,-319.502159009752,-1.5955802696298085,-0.8080986812754138,-0.10490307985729187
761,-320.49152803899005,13.76049004293443,0.21322562724407543,-0.43490093866874496
762,-321.5013033128138,-0.4428695261712967,-0.9339785854550007,-0.21358391090149823
763,-322.499929393362,1.2615957508648767,-0.5013082419295949,-0.6448375139397445
764,-323.50298029305407,-2.5923444453750517,-0.9995821886049997,0.14750973498161274
765,-324.50187031758935,-1.019874578939594,-1.076331356345572,0.2222754379989202
766,-325.5025110545667,-2.059790952920404,0.21890075528601224,0.17004503400932355
767,-326.50310540235347,-2.6116751294126948,-1.0271294713739247,0.4934112544589419
768,-327.5030746424426,-2.307777799912303,0.08644176981848414,0.8518913863733536
769,-328.50201704097714,-1.50665305460921,-0.794947360656855,-0.3015551063820193
770,-329.4979896059808,3.381141429589933,-0.2208918408788723,-1.8506699410254066
771,-330.50070656390136,0.3248740482683088,-0.19498906545887462,0.6865131241605784
772,-331.5022817941156,-1.7050761258095524,-1.1270080473399522,-0.05320967763257369
773,-332.5019845270002,-0.8114149840958179,-0.22332898835686205,1.4333728911203054
774,-333.5023420644738,-1.3704239359971522,-0.8998912531024812,0.6975264453809235
775,-334.5024904430652,-1.3783082071945898,0.17152270960199478,0.44062887761112574
776,-335.50126862709095,-0.4752724030121083,-0.6461790338572184,0.9124366078772996
777,-336.5005493676173,2.126631047349427,0.5408021781235128,1.5756644712252086
778,-337.50267213490974,-1.8757012958909678,-0.31108584779145015,0.14319187647661039
779,-338.5007699553011,0.9364980187096347,0.9503670800499411,-0.311010614110477
780,-339.5028133424316,-2.403322756048425,0.1058300970014635,0.33864625984280095
781,-340.50379584927765,-3.409894254648223,0.03218204189595442,0.38307114076713605
782,-341.49968552145464,1.3581143998702465,-0.5756723783451423,0.2309540512612953
783,-342.50361431933294,-3.3233548049012893,-0.0919504342265357,0.7170081914912357
784,-343.5024902860141,-0.1371768819897504,0.16373891366249133,2.458478659006517
785,-344.50047693311126,2.773500503346042,-0.18510501108159544,3.969033398747737
786,-345.50364617831,-3.3316607230370203,-0.025784316636259914,0.5846341524602854
787,-346.49974999526137,3.8236922937296156,-0.13618096460084694,4.357494438397465
788,-347.5035964596341,-3.224272035919927,-0.16056520188460294,0.6269313928165088
789,-348.4964139958688,2.7394577109154787,0.020959418292916088,-2.3855642211932024
790,-349.5029085526047,-3.073265232307842,-0.08181743902189081,0.269826930253426
791,-350.49884263047727,-0.26502316302155304,-0.6121987762731874,-1.2777194480411282
792,-351.50293089097914,-4.327960597826159,0.09144211789834267,0.03289588895302373
793,-352.49642312546916,3.4644966891308346,-0.24264902202296762,-0.9824214204475658
794,-353.50307473335397,-3.713823503360871,0.03356322965376646,0.2332022209891426
795,-354.50007505315375,-1.1513139157743737,-1.0983044793648744,-0.3025733089678902
796,-355.5032151000755,-4.6010515515295705,0.24624341853033926,-0.15144668728620428
797,-356.4998184105841,-0.3496869155355742,-1.023671823554205,0.4060335997896868
798,-357.5026417543689,-3.989297078047182,0.3107464149976553,-0.28193677823046703
799,-358.5021505281345,-2.6151243084620615,-0.23071240443416255,0.920404348940132
800,-359.50072711736533,1.0520972938013549,-0.2462954683097462,1.7932787906595347
801,-360.5003905131897,-1.1718669680952294,-0.774480745084378,0.4878378151721099
802,-361.50315549931355,-3.903176715365239,-0.13323311621322728,0.3179743331341956
803,-362.50049639664945,-1.759183943730811,-1.0682934932301815,-0.01981448483856779
804,-363.49414187888516,7.348973405575274,6.284422087654845,-4.442191289867702
805,-364.50053725862847,-1.6851955531194152,-1.0315195528814418,-0.3084717638994299
806,-365.50073972233497,1.1521683634602682,-0.36034478277241827,1.634441089084089
807,-366.5016087724293,-0.7280722084550048,-0.3994215524889001,1.6789038261652185
808,-367.5017344716751,-1.914277383212232,-0.4239364176389069,-0.41349766892529927
809,-368.5024074127039,-1.5092680998695898,-0.13918938341393408,0.5236413939401534
810,-369.49794572161477,5.000957379676103,0.31314046331321327,1.1881973867089755
811,-370.5013145862519,-0.1606327034251503,-0.027757707436183506,1.2326304751544324
812,-371.5009824142189,0.10280143517416426,-0.15086000507514902,1.5121566867448555
813,-372.5012124980672,-0.1948243691066735,-0.42996596512643154,1.1025479607351496
814,-373.4972591718876,4.073066454469921,-0.4173965386052105,0.8072798345495855
815,-374.50084341017964,-0.3510454716744733,-0.34365352062876736,0.7553766253165314
816,-375.5002732841711,1.808172773099198,-0.046492441122281826,2.369329124952715
817,-376.50131117427554,1.1072390141807784,0.18887305146503638,1.8720574595851078
818,-377.50112440335016,-0.38874898736137026,-0.7844521497373995,1.577801493481014
819,-378.50184138508405,-1.4759574118415884,-0.4430742370034291,1.043154601125723
820,-379.50116331448544,-0.08821777676347996,-0.2877281816453204,1.3606331389897113
821,-380.5019875553047,-1.5477071950690138,-0.5790776615209655,1.0398116295695317
822,-381.5011991956111,-0.02821621778607202,-0.6472434816429364,1.9460469873409454
823,-382.4991605041736,2.0596202224774207,0.013831472465350832,-0.011795088143597043
824,-383.5020330702538,-1.5442328085956307,-0.4580800458349709,0.9369454007793023
825,-384.50318563735095,-2.4953955523574693,0.04845104483993199,0.9507302866044004
826,-385.49701681595667,2.2118606678655546,-0.8785497744513433,-0.8660814602599887
827,-386.50091980388385,-1.5899096394789065,-0.7486872740856887,-0.8401528599818197
828,-387.49413609775775,7.03929020177691,0.4747959031262977,-1.3560570510859262
829,-388.5026821689801,-3.3937770702960797,-0.6008117689629617,0.09510177674448718
830,-389.5012045643992,-1.913401634630482,-0.4754528529230163,-0.9463475281864491
831,-390.4971299772112,2.5774055949132806,0.21902856241316662,-2.3200251751939915
832,-391.49543840417806,5.26115701310961,-0.6089247674223331,-0.4430467297803021
833,-392.4986692036841,1.3992736850102452,0.10663056636235511,-0.9941409291193818
834,-393.4971168840495,3.1185636553543445,-0.2502846751131564,-3.0882978275042254
835,-394.5012944980818,-2.1903259468960883,-0.4064468487669768,-0.8552844602355063
836,-395.5001276418879,-0.3699898705706713,-0.8973754222483129,-1.7840735059870148
837,-396.5012088499162,-1.6758018284579799,-1.1653780205362256,-1.3383133868173192
838,-397.5009442204971,-1.7422090246753654,-0.7759185652086744,0.35509521085760115
839,-398.500517927301,0.8996718749035976,0.36443977175044084,0.5865568727540794
840,-399.4968218224842,3.982396108012759,0.608515022119048,-1.4322132793226647
841,-400.493536870104,7.46545528377313,0.10454974356159748,-2.8600301319903885
842,-401.4984802533014,1.5981141891476427,0.08523590005364806,-0.8632525694100553
843,-402.49976642686255,-0.4712368502705233,-0.935911766069801,-0.2612344274225412
844,-403.49461834912285,9.691384655716647,1.2772781384474288,0.5162820482575203
845,-404.48138662732435,26.47503403475868,-6.945007660316796,-2.313008807581079
846,-405.4940804290315,6.4065973130744345,-0.7781689010636162,-0.0608013135327379
847,-406.4952244901955,5.840099620914498,-0.8410401798263676,-1.8582610282780476
848,-407.4992670158923,1.5941573286297672,-1.1080308492832442,0.3915544343066383
849,-408.4973387102544,2.573739081817095,-1.4280910490470233,1.3411136530761343
850,-409.49636025524643,4.151038114752065,0.11537775897878107,-1.837392813394498
851,-410.4971194944964,2.3652550357455624,-0.07845435243813961,-1.8214505210392127
852,-411.4993782335419,0.6733278171337422,-1.3347817888074918,-1.083736193644582
853,-412.4936606742021,7.601695477619356,0.08974716329949238,-1.19921317889954
854,-413.49431813202676,8.383556828663236,-0.779072180285918,-0.019854385440841588
855,-414.49106483211176,10.15517536728573,0.46797193719010366,-2.4299603932172924
856,-415.50184852221935,-1.698181469721469,-0.133167669153855,0.5837984633498265
857,-416.5000800575332,0.036576324723407716,-0.927021254323124,1.2764242045731475
858,-417.50227461637246,-2.00773696017788,-0.18953149894439614,0.7198337963191549
859,-418.49766896395033,3.395344286438918,-1.0783663838869826,0.4024572227301737
860,-419.49372625034033,8.707513889536186,-0.9543874596530025,-0.09686617937001349
861,-420.4965815330553,4.551693405725388,-1.2138165457643284,0.39135711795792205
862,-421.4974643239986,4.419192038603257,0.36292728274536634,0.31250312751675374
863,-422.4886345564239,15.104416468238371,0.062374019497851714,-2.354284810379981
864,-423.5019442915626,-0.9154656141376101,0.021633661959326107,1.8232534362350241
865,-424.49951013931894,0.46100569420501675,-1.2359555111321905,-0.3539718197031807
866,-425.5027445409567,-3.542984727067447,-0.9852569681255516,-0.9897043586368226
867,-426.4995843213892,0.7552254308621584,0.19571624746415572,-0.5636441302552274
868,-427.5021140517722,-2.1256424978685025,0.12456562815869163,-0.12551979132790547
869,-428.49279073784055,8.364980810622182,0.781229802567791,-4.834487527260104
870,-429.50305520453185,-3.899467320471022,-1.129792492178139,-0.8318294615766545
871,-430.500973936065,-0.7293772947881595,-0.11435492238301839,-0.11941779696746324
872,-431.4981698054543,2.1190574371874273,-1.320161404623459,-0.4050080687389692
873,-432.49979551436587,0.8557439767719558,-0.3207029422010309,0.4709981246930814
874,-433.4990526591697,0.842634758360639,-0.5710133648347175,-2.4921508689786687
875,-434.5011629160117,-2.6106825290278857,-0.878038017365411,-0.14245597206607113
876,-435.5006988383018,0.5111880377020442,-0.09188503746153284,1.3974591252750943
877,-436.5043965308083,-4.192690383372462,0.4491559705207654,-0.21246487784247992
878,-437.5045580352034,-4.913362789697937,0.33754623799557576,-0.27419621579734016
879,-438.5039391502829,-4.201741800827018,0.08862987593841332,-0.17107372160711998
880,-439.5047729825381,-5.156579779703969,0.2641714987220777,-0.16107037385913137
881,-440.501144853652,0.014208299125735098,0.8906166164634761,0.06998403372608368
