,id,time,scoreClose,scoreFar,ability
0,2,"[2, 210, 183, 241, 29, 199, 205, 61, 168, 134]","[2, 148, 147, 146, 145, 143, 142, 141, 134, 132]","[132, 134, 141, 142, 143, 145, 146, 147, 148, 2]","[2, 140, 38, 31, 66, 145, 244, 119, 72, 76]"
1,3,"[3, 193, 156, 13, 101, 222, 200, 164, 71, 49]","[3, 113, 6, 164, 211, 205, 31, 5, 221, 74]","[74, 221, 5, 31, 205, 211, 164, 6, 113, 3]","[3, 11, 130, 246, 42, 227, 6, 119, 5, 218]"
2,4,"[4, 103, 6, 135, 155, 91, 95, 89, 233, 222]","[4, 74, 35, 214, 188, 31, 196, 11, 20, 110]","[110, 20, 11, 196, 31, 188, 214, 35, 74, 4]","[4, 188, 190, 209, 255, 165, 177, 113, 116, 226]"
3,5,"[5, 212, 269, 103, 161, 146, 95, 214, 266, 145]","[5, 31, 23, 13, 38, 3, 4, 20, 89, 127]","[127, 89, 20, 4, 3, 38, 13, 23, 31, 5]","[5, 113, 244, 234, 246, 31, 190, 209, 38, 119]"
4,6,"[6, 135, 174, 155, 89, 4, 180, 138, 102, 189]","[6, 221, 218, 68, 212, 113, 124, 205, 198, 74]","[74, 198, 205, 124, 113, 212, 68, 218, 221, 6]","[6, 218, 191, 46, 36, 19, 42, 68, 203, 114]"
5,8,"[8, 16, 235, 218, 46, 260, 208, 119, 256, 191]","[8, 47, 262, 231, 48, 230, 57, 270, 181, 265]","[265, 181, 270, 57, 230, 48, 231, 262, 47, 8]","[8, 108, 47, 150, 48, 157, 231, 262, 135, 57]"
6,9,"[9, 103, 219, 247, 268, 236, 100, 222, 235, 261]","[9, 234, 225, 258, 196, 130, 216, 190, 183, 11]","[11, 183, 190, 216, 130, 196, 258, 225, 234, 9]","[9, 226, 156, 169, 255, 22, 116, 179, 136, 165]"
7,10,"[10, 73, 82, 59, 137, 225, 22, 203, 160, 123]","[10, 33, 82, 261, 270, 237, 265, 181, 268, 57]","[57, 268, 181, 265, 237, 270, 261, 82, 33, 10]","[10, 261, 118, 266, 230, 270, 79, 265, 93, 24]"
8,11,"[11, 50, 42, 264, 144, 102, 190, 127, 221, 138]","[11, 196, 188, 125, 130, 138, 214, 35, 116, 186]","[186, 116, 35, 214, 138, 130, 125, 188, 196, 11]","[11, 3, 130, 227, 6, 246, 42, 218, 191, 119]"
9,13,"[13, 102, 57, 71, 156, 145, 245, 138, 49, 194]","[13, 31, 5, 38, 59, 23, 188, 4, 221, 91]","[91, 221, 4, 188, 23, 59, 38, 5, 31, 13]","[13, 73, 248, 27, 25, 161, 60, 90, 20, 236]"
10,16,"[16, 256, 218, 121, 119, 263, 175, 235, 52, 27]","[16, 156, 269, 60, 129, 126, 214, 116, 38, 11]","[11, 38, 116, 214, 126, 129, 60, 269, 156, 16]","[16, 167, 225, 171, 23, 88, 187, 130, 227, 216]"
11,18,"[18, 215, 27, 121, 221, 263, 208, 233, 237, 236]","[18, 226, 260, 129, 32, 60, 16, 123, 183, 258]","[258, 183, 123, 16, 60, 32, 129, 260, 226, 18]","[18, 122, 164, 131, 260, 247, 27, 257, 102, 35]"
12,19,"[19, 25, 46, 62, 215, 37, 27, 214, 213, 75]","[137, 145, 78, 77, 76, 75, 146, 147, 72, 71]","[71, 72, 147, 146, 75, 76, 77, 78, 145, 137]","[19, 36, 68, 114, 239, 191, 46, 143, 200, 98]"
13,20,"[20, 78, 87, 245, 185, 39, 183, 216, 207, 136]","[20, 27, 89, 74, 229, 171, 221, 29, 207, 209]","[209, 207, 29, 221, 171, 229, 74, 89, 27, 20]","[20, 136, 161, 169, 236, 179, 116, 226, 269, 25]"
14,21,"[21, 39, 196, 146, 165, 224, 220, 120, 144, 99]","[21, 121, 154, 256, 16, 18, 129, 260, 156, 269]","[269, 156, 260, 129, 18, 16, 256, 154, 121, 21]","[21, 221, 154, 185, 129, 256, 121, 102, 126, 164]"
15,22,"[22, 225, 49, 115, 216, 82, 76, 83, 245, 116]","[22, 173, 176, 171, 224, 158, 140, 165, 207, 27]","[27, 207, 165, 140, 158, 224, 171, 176, 173, 22]","[22, 156, 252, 269, 9, 236, 251, 226, 136, 169]"
16,23,"[23, 35, 91, 6, 4, 107, 233, 220, 95, 138]","[23, 31, 5, 13, 4, 20, 89, 38, 127, 74]","[74, 127, 38, 89, 20, 4, 13, 5, 31, 23]","[23, 187, 171, 225, 16, 227, 176, 88, 194, 167]"
17,24,"[24, 241, 183, 223, 148, 20, 29, 55, 101, 205]","[24, 43, 181, 256, 251, 18, 121, 21, 129, 154]","[154, 129, 21, 121, 18, 251, 256, 181, 43, 24]","[24, 94, 93, 266, 79, 10, 118, 261, 230, 81]"
18,25,"[25, 62, 98, 40, 75, 192, 42, 238, 96, 186]","[137, 145, 78, 77, 76, 75, 146, 147, 72, 71]","[71, 72, 147, 146, 75, 76, 77, 78, 145, 137]","[25, 90, 161, 236, 20, 269, 252, 136, 27, 13]"
19,26,"[26, 163, 203, 249, 97, 96, 45, 187, 151, 85]","[26, 236, 246, 29, 158, 27, 209, 22, 88, 223]","[223, 88, 22, 209, 27, 158, 29, 246, 236, 26]","[26, 32, 158, 214, 155, 67, 84, 183, 89, 59]"
20,27,"[27, 18, 263, 121, 238, 83, 16, 218, 214, 175]","[27, 171, 207, 221, 209, 22, 176, 229, 89, 173]","[173, 89, 229, 176, 22, 209, 221, 207, 171, 27]","[27, 260, 35, 90, 25, 13, 73, 249, 247, 161]"
21,29,"[29, 241, 178, 134, 189, 141, 148, 55, 200, 174]","[29, 229, 223, 182, 84, 85, 209, 26, 207, 89]","[89, 207, 26, 209, 85, 84, 182, 223, 229, 29]","[29, 55, 146, 141, 233, 235, 62, 163, 151, 176]"
22,30,"[30, 163, 229, 151, 10, 249, 252, 134, 85, 96]","[137, 145, 78, 77, 76, 75, 146, 147, 72, 71]","[71, 72, 147, 146, 75, 76, 77, 78, 145, 137]","[30, 138, 215, 196, 74, 173, 65, 134, 62, 232]"
23,31,"[31, 145, 13, 138, 198, 190, 125, 93, 102, 264]","[31, 23, 5, 13, 4, 3, 74, 89, 20, 188]","[188, 20, 89, 74, 3, 4, 13, 5, 23, 31]","[31, 244, 38, 2, 5, 113, 140, 190, 165, 188]"
24,32,"[32, 158, 112, 165, 131, 180, 55, 178, 222, 134]","[32, 18, 226, 129, 170, 60, 123, 260, 183, 23]","[23, 183, 260, 123, 60, 170, 129, 226, 18, 32]","[32, 158, 26, 183, 67, 89, 84, 59, 224, 214]"
25,33,"[33, 188, 192, 216, 225, 98, 39, 78, 194, 189]","[33, 82, 10, 261, 237, 268, 266, 251, 160, 105]","[105, 160, 251, 266, 268, 237, 261, 10, 82, 33]","[33, 121, 240, 82, 129, 237, 154, 221, 112, 21]"
26,35,"[35, 91, 95, 240, 23, 233, 4, 6, 146, 174]","[35, 188, 207, 138, 186, 74, 27, 127, 22, 59]","[59, 22, 127, 27, 74, 186, 138, 207, 188, 35]","[35, 249, 260, 247, 27, 90, 25, 257, 131, 252]"
27,36,"[36, 40, 134, 123, 141, 189, 234, 68, 96, 105]","[137, 145, 78, 77, 76, 75, 146, 147, 72, 71]","[71, 72, 147, 146, 75, 76, 77, 78, 145, 137]","[36, 19, 68, 114, 239, 191, 46, 143, 200, 98]"
28,37,"[37, 109, 27, 214, 19, 207, 20, 136, 173, 167]","[137, 145, 78, 77, 76, 75, 146, 147, 72, 71]","[71, 72, 147, 146, 75, 76, 77, 78, 145, 137]","[37, 100, 40, 217, 91, 76, 243, 132, 75, 50]"
29,38,"[38, 264, 257, 191, 50, 221, 107, 167, 83, 207]","[38, 13, 5, 31, 23, 188, 127, 214, 35, 130]","[130, 35, 214, 127, 188, 23, 31, 5, 13, 38]","[38, 2, 140, 31, 119, 66, 244, 5, 145, 76]"
30,39,"[39, 192, 245, 146, 224, 87, 105, 189, 21, 184]","[137, 145, 78, 77, 76, 75, 146, 147, 72, 71]","[71, 72, 147, 146, 75, 76, 77, 78, 145, 137]","[39, 103, 69, 219, 184, 148, 58, 41, 120, 250]"
31,40,"[40, 68, 182, 98, 141, 113, 63, 114, 192, 36]","[137, 145, 78, 77, 76, 75, 146, 147, 72, 71]","[71, 72, 147, 146, 75, 76, 77, 78, 145, 137]","[40, 37, 217, 100, 91, 76, 106, 124, 51, 72]"
32,41,"[41, 106, 148, 130, 238, 214, 225, 126, 49, 180]","[137, 145, 78, 77, 76, 75, 146, 147, 72, 71]","[71, 72, 147, 146, 75, 76, 77, 78, 145, 137]","[41, 50, 199, 39, 69, 103, 250, 267, 206, 219]"
33,42,"[42, 132, 236, 98, 11, 238, 257, 194, 182, 264]","[42, 212, 161, 198, 242, 239, 168, 174, 49, 55]","[55, 49, 174, 168, 239, 242, 198, 161, 212, 42]","[42, 207, 186, 191, 6, 119, 143, 242, 45, 68]"
34,43,"[43, 46, 109, 18, 256, 19, 215, 218, 37, 16]","[43, 24, 181, 256, 251, 121, 21, 154, 18, 129]","[129, 18, 154, 21, 121, 251, 256, 181, 24, 43]","[43, 112, 237, 94, 81, 24, 79, 240, 82, 93]"
35,44,"[44, 136, 199, 167, 115, 68, 137, 110, 113, 40]","[137, 145, 78, 77, 76, 75, 146, 147, 72, 71]","[71, 72, 147, 146, 75, 76, 77, 78, 145, 137]","[44, 201, 165, 255, 188, 9, 4, 226, 31, 244]"
36,45,"[45, 76, 116, 97, 115, 163, 77, 137, 82, 22]","[137, 145, 78, 77, 76, 75, 146, 147, 72, 71]","[71, 72, 147, 146, 75, 76, 77, 78, 145, 137]","[45, 174, 52, 101, 210, 153, 109, 184, 58, 120]"
37,46,"[46, 19, 215, 18, 218, 75, 27, 37, 109, 263]","[137, 145, 78, 77, 76, 75, 146, 147, 72, 71]","[71, 72, 147, 146, 75, 76, 77, 78, 145, 137]","[46, 200, 114, 36, 19, 203, 63, 68, 166, 191]"
38,47,"[47, 207, 260, 131, 142, 27, 205, 73, 143, 229]","[47, 262, 8, 57, 231, 108, 48, 230, 181, 270]","[270, 181, 230, 48, 108, 231, 57, 8, 262, 47]","[47, 108, 8, 48, 150, 262, 231, 157, 135, 57]"
39,48,"[48, 166, 152, 142, 154, 243, 71, 209, 75, 250]","[48, 231, 8, 262, 57, 230, 181, 270, 47, 265]","[265, 47, 270, 181, 230, 57, 262, 8, 231, 48]","[48, 231, 150, 157, 135, 8, 57, 108, 262, 270]"
40,49,"[49, 189, 150, 165, 192, 98, 87, 101, 245, 22]","[49, 55, 242, 208, 174, 168, 239, 148, 149, 83]","[83, 149, 148, 239, 168, 174, 208, 242, 55, 49]","[49, 162, 213, 96, 214, 155, 152, 92, 220, 84]"
41,50,"[50, 11, 264, 42, 221, 107, 125, 127, 167, 132]","[137, 145, 78, 77, 76, 75, 146, 147, 72, 71]","[71, 72, 147, 146, 75, 76, 77, 78, 145, 137]","[50, 41, 199, 100, 206, 69, 37, 250, 39, 75]"
42,51,"[51, 83, 120, 238, 204, 98, 147, 99, 225, 122]","[137, 145, 78, 77, 76, 75, 146, 147, 72, 71]","[71, 72, 147, 146, 75, 76, 77, 78, 145, 137]","[51, 72, 76, 217, 106, 91, 40, 37, 124, 100]"
43,52,"[52, 121, 263, 256, 208, 147, 120, 238, 128, 204]","[137, 145, 78, 77, 76, 75, 146, 147, 72, 71]","[71, 72, 147, 146, 75, 76, 77, 78, 145, 137]","[52, 101, 210, 174, 184, 58, 95, 45, 148, 219]"
44,54,"[54, 258, 179, 200, 253, 36, 196, 201, 150, 206]","[137, 145, 78, 77, 76, 75, 146, 147, 72, 71]","[71, 72, 147, 146, 75, 76, 77, 78, 145, 137]","[54, 267, 189, 69, 147, 206, 148, 219, 180, 58]"
45,55,"[55, 189, 174, 223, 39, 200, 192, 148, 49, 98]","[55, 49, 174, 242, 168, 208, 239, 148, 149, 83]","[83, 149, 148, 239, 208, 168, 242, 174, 49, 55]","[55, 29, 141, 146, 62, 233, 235, 151, 163, 176]"
46,57,"[57, 102, 156, 13, 224, 71, 220, 165, 222, 135]","[57, 270, 265, 181, 10, 231, 157, 48, 8, 230]","[230, 8, 48, 157, 231, 10, 181, 265, 270, 57]","[57, 270, 135, 230, 265, 118, 261, 157, 10, 231]"
47,58,"[58, 232, 76, 72, 69, 177, 97, 255, 114, 133]","[137, 145, 78, 77, 76, 75, 146, 147, 72, 71]","[71, 72, 147, 146, 75, 76, 77, 78, 145, 137]","[58, 184, 219, 148, 210, 52, 101, 39, 103, 69]"
48,59,"[59, 134, 104, 160, 137, 68, 10, 111, 154, 96]","[59, 165, 186, 140, 138, 224, 221, 173, 176, 91]","[91, 176, 173, 221, 224, 138, 140, 186, 165, 59]","[59, 224, 67, 84, 220, 92, 152, 183, 241, 198]"
49,60,"[60, 77, 70, 115, 124, 117, 216, 80, 86, 78]","[60, 38, 31, 23, 5, 129, 156, 183, 269, 9]","[9, 269, 183, 156, 129, 5, 23, 31, 38, 60]","[60, 73, 248, 13, 27, 161, 25, 20, 90, 136]"
50,61,"[61, 68, 137, 134, 249, 40, 63, 96, 151, 104]","[137, 145, 78, 77, 76, 75, 146, 147, 72, 71]","[71, 72, 147, 146, 75, 76, 77, 78, 145, 137]","[61, 197, 117, 264, 109, 238, 212, 192, 107, 153]"
51,62,"[62, 96, 25, 78, 39, 192, 134, 189, 245, 40]","[62, 87, 227, 201, 191, 167, 153, 174, 55, 239]","[239, 55, 174, 153, 167, 191, 201, 227, 87, 62]","[62, 55, 141, 196, 29, 146, 30, 233, 151, 144]"
52,63,"[63, 182, 68, 40, 195, 137, 114, 86, 192, 77]","[137, 145, 78, 77, 76, 75, 146, 147, 72, 71]","[71, 72, 147, 146, 75, 76, 77, 78, 145, 137]","[63, 166, 200, 149, 137, 203, 46, 77, 208, 114]"
53,64,"[64, 151, 252, 80, 114, 239, 96, 61, 117, 232]","[137, 145, 78, 77, 76, 75, 146, 147, 72, 71]","[71, 72, 147, 146, 75, 76, 77, 78, 145, 137]","[64, 195, 128, 222, 194, 176, 163, 235, 233, 204]"
54,65,"[65, 140, 147, 225, 90, 120, 71, 92, 188, 236]","[137, 145, 78, 77, 76, 75, 146, 147, 72, 71]","[71, 72, 147, 146, 75, 76, 77, 78, 145, 137]","[65, 173, 134, 74, 138, 215, 263, 229, 30, 223]"
55,66,"[66, 217, 86, 171, 162, 195, 124, 80, 117, 67]","[137, 145, 78, 77, 76, 75, 146, 147, 72, 71]","[71, 72, 147, 146, 75, 76, 77, 78, 145, 137]","[66, 76, 91, 72, 51, 140, 100, 37, 40, 250]"
56,67,"[67, 124, 86, 140, 117, 66, 171, 144, 194, 114]","[137, 145, 78, 77, 76, 75, 146, 147, 72, 71]","[71, 72, 147, 146, 75, 76, 77, 78, 145, 137]","[67, 84, 59, 224, 220, 152, 92, 183, 241, 32]"
57,68,"[68, 137, 40, 63, 182, 74, 234, 192, 209, 104]","[68, 124, 136, 250, 91, 212, 90, 42, 257, 178]","[178, 257, 42, 90, 212, 91, 250, 136, 124, 68]","[68, 19, 36, 239, 143, 114, 242, 191, 98, 212]"
58,69,"[69, 166, 140, 117, 80, 67, 72, 243, 124, 255]","[137, 145, 78, 77, 76, 75, 146, 147, 72, 71]","[71, 72, 147, 146, 75, 76, 77, 78, 145, 137]","[69, 39, 267, 219, 148, 103, 41, 58, 184, 54]"
59,70,"[70, 217, 171, 77, 127, 60, 66, 86, 124, 195]","[137, 145, 78, 77, 76, 75, 146, 147, 72, 71]","[71, 72, 147, 146, 75, 76, 77, 78, 145, 137]","[70, 71, 97, 86, 175, 124, 243, 106, 132, 217]"
60,71,"[71, 224, 165, 156, 245, 192, 65, 150, 140, 49]","[137, 145, 78, 77, 76, 75, 146, 147, 72, 71]","[71, 72, 147, 146, 75, 76, 77, 78, 145, 137]","[71, 97, 70, 86, 124, 175, 243, 106, 217, 132]"
61,72,"[72, 249, 232, 69, 163, 137, 64, 96, 61, 58]","[137, 145, 78, 77, 76, 75, 146, 147, 72, 71]","[71, 72, 147, 146, 75, 76, 77, 78, 145, 137]","[72, 51, 76, 91, 217, 40, 106, 37, 66, 100]"
62,73,"[73, 123, 10, 189, 229, 55, 148, 267, 82, 225]","[73, 133, 232, 177, 258, 183, 187, 104, 182, 247]","[247, 182, 104, 187, 183, 258, 177, 232, 133, 73]","[73, 13, 60, 248, 27, 25, 161, 90, 260, 18]"
63,74,"[74, 68, 98, 216, 40, 137, 136, 192, 194, 44]","[74, 207, 84, 89, 35, 171, 186, 85, 6, 27]","[27, 6, 85, 186, 171, 35, 89, 84, 207, 74]","[74, 138, 65, 215, 173, 30, 232, 104, 134, 196]"
64,75,"[75, 152, 90, 140, 25, 126, 238, 67, 142, 147]","[137, 145, 78, 77, 76, 75, 146, 147, 72, 71]","[71, 72, 147, 146, 75, 76, 77, 78, 145, 137]","[75, 111, 132, 243, 180, 206, 147, 199, 175, 100]"
65,76,"[76, 97, 116, 45, 232, 82, 22, 149, 86, 133]","[137, 145, 78, 77, 76, 75, 146, 147, 72, 71]","[71, 72, 147, 146, 75, 76, 77, 78, 145, 137]","[76, 91, 72, 51, 40, 37, 100, 217, 66, 106]"
66,77,"[77, 227, 86, 115, 216, 127, 63, 195, 60, 70]","[137, 145, 78, 77, 76, 75, 146, 147, 72, 71]","[71, 72, 147, 146, 75, 76, 77, 78, 145, 137]","[77, 168, 98, 114, 239, 200, 19, 166, 36, 68]"
67,78,"[78, 87, 245, 216, 192, 20, 39, 198, 160, 62]","[137, 145, 78, 77, 76, 75, 146, 147, 72, 71]","[71, 72, 147, 146, 75, 76, 77, 78, 145, 137]","[78, 178, 182, 204, 208, 80, 137, 203, 149, 218]"
68,79,"[79, 151, 49, 30, 229, 106, 41, 265, 232, 92]","[79, 268, 105, 253, 160, 112, 73, 261, 133, 226]","[226, 133, 261, 73, 112, 160, 253, 105, 268, 79]","[79, 81, 265, 230, 118, 266, 261, 10, 24, 270]"
69,80,"[80, 117, 114, 140, 86, 192, 124, 66, 63, 245]","[137, 145, 78, 77, 76, 75, 146, 147, 72, 71]","[71, 72, 147, 146, 75, 76, 77, 78, 145, 137]","[80, 178, 204, 149, 137, 78, 208, 63, 203, 166]"
70,81,"[81, 141, 167, 39, 182, 192, 184, 234, 107, 60]","[81, 135, 32, 18, 123, 170, 129, 265, 181, 256]","[256, 181, 265, 129, 170, 123, 18, 32, 135, 81]","[81, 79, 265, 230, 181, 118, 270, 261, 266, 94]"
71,82,"[82, 234, 76, 68, 80, 22, 10, 77, 225, 137]","[82, 33, 10, 261, 237, 266, 268, 251, 160, 105]","[105, 160, 251, 268, 266, 237, 261, 10, 33, 82]","[82, 33, 240, 237, 112, 94, 121, 24, 43, 93]"
72,83,"[83, 207, 122, 51, 236, 238, 22, 225, 65, 99]","[137, 145, 78, 77, 76, 75, 146, 147, 72, 71]","[71, 72, 147, 146, 75, 76, 77, 78, 145, 137]","[83, 142, 85, 125, 198, 87, 241, 205, 223, 89]"
73,84,"[84, 196, 206, 100, 268, 165, 21, 156, 164, 112]","[84, 85, 229, 209, 223, 207, 89, 158, 29, 127]","[127, 29, 158, 89, 207, 223, 209, 229, 85, 84]","[84, 67, 220, 59, 152, 92, 224, 183, 96, 213]"
74,85,"[85, 26, 252, 30, 45, 64, 163, 151, 61, 153]","[85, 84, 223, 89, 229, 127, 207, 209, 29, 158]","[158, 29, 209, 207, 127, 229, 89, 223, 84, 85]","[85, 125, 83, 142, 205, 87, 198, 223, 241, 89]"
75,86,"[86, 195, 149, 67, 77, 194, 66, 97, 227, 63]","[137, 145, 78, 77, 76, 75, 146, 147, 72, 71]","[71, 72, 147, 146, 75, 76, 77, 78, 145, 137]","[86, 175, 71, 70, 97, 124, 243, 132, 217, 75]"
76,87,"[87, 245, 78, 216, 184, 192, 39, 198, 223, 160]","[87, 62, 227, 201, 191, 167, 153, 55, 174, 239]","[239, 174, 55, 153, 167, 191, 201, 227, 62, 87]","[87, 223, 229, 263, 205, 134, 83, 85, 65, 125]"
77,88,"[88, 188, 168, 125, 132, 190, 227, 107, 242, 197]","[88, 246, 236, 26, 179, 125, 249, 245, 122, 155]","[155, 122, 245, 249, 125, 179, 26, 236, 246, 88]","[88, 216, 225, 16, 23, 144, 167, 258, 171, 187]"
78,89,"[89, 155, 193, 174, 222, 219, 130, 135, 180, 247]","[89, 127, 85, 207, 229, 223, 209, 84, 27, 158]","[158, 27, 84, 209, 223, 229, 207, 85, 127, 89]","[89, 183, 125, 241, 85, 198, 142, 158, 110, 83]"
79,90,"[90, 140, 147, 92, 65, 75, 238, 242, 204, 97]","[90, 252, 185, 178, 136, 2, 146, 145, 120, 143]","[143, 120, 145, 146, 2, 136, 178, 185, 252, 90]","[90, 25, 161, 236, 269, 252, 20, 27, 35, 136]"
80,91,"[91, 95, 240, 233, 21, 146, 144, 102, 180, 224]","[91, 153, 124, 201, 227, 87, 62, 191, 167, 136]","[136, 167, 191, 62, 87, 227, 201, 124, 153, 91]","[91, 76, 72, 40, 37, 100, 51, 217, 66, 106]"
81,92,"[92, 90, 65, 140, 188, 97, 225, 71, 49, 22]","[137, 145, 78, 77, 76, 75, 146, 147, 72, 71]","[71, 72, 147, 146, 75, 76, 77, 78, 145, 137]","[92, 220, 152, 84, 59, 67, 224, 96, 213, 183]"
82,93,"[93, 94, 60, 70, 217, 171, 190, 50, 127, 66]","[93, 237, 266, 251, 240, 181, 94, 193, 226, 115]","[115, 226, 193, 94, 181, 240, 251, 266, 237, 93]","[93, 24, 94, 266, 10, 261, 118, 79, 230, 81]"
83,94,"[94, 190, 204, 11, 221, 51, 120, 179, 144, 93]","[94, 193, 115, 216, 245, 169, 202, 249, 125, 116]","[116, 125, 249, 202, 169, 245, 216, 115, 193, 94]","[94, 24, 93, 266, 79, 43, 81, 118, 261, 10]"
84,95,"[95, 240, 91, 146, 202, 132, 102, 103, 11, 264]","[137, 145, 78, 77, 76, 75, 146, 147, 72, 71]","[71, 72, 147, 146, 75, 76, 77, 78, 145, 137]","[95, 101, 210, 107, 52, 192, 174, 264, 117, 109]"
85,96,"[96, 137, 40, 197, 62, 192, 68, 114, 63, 98]","[137, 145, 78, 77, 76, 75, 146, 147, 72, 71]","[71, 72, 147, 146, 75, 76, 77, 78, 145, 137]","[96, 213, 152, 92, 220, 84, 214, 67, 59, 224]"
86,97,"[97, 76, 116, 86, 133, 140, 149, 45, 124, 80]","[137, 145, 78, 77, 76, 75, 146, 147, 72, 71]","[71, 72, 147, 146, 75, 76, 77, 78, 145, 137]","[97, 71, 70, 124, 86, 175, 106, 217, 243, 40]"
87,98,"[98, 189, 40, 216, 194, 192, 245, 113, 242, 209]","[137, 145, 78, 77, 76, 75, 146, 147, 72, 71]","[71, 72, 147, 146, 75, 76, 77, 78, 145, 137]","[98, 168, 239, 77, 114, 197, 212, 68, 19, 238]"
88,99,"[99, 224, 147, 165, 225, 238, 236, 39, 152, 121]","[137, 145, 78, 77, 76, 75, 146, 147, 72, 71]","[71, 72, 147, 146, 75, 76, 77, 78, 145, 137]","[99, 162, 49, 155, 214, 213, 96, 152, 92, 220]"
89,100,"[100, 268, 120, 121, 84, 219, 208, 237, 21, 263]","[137, 145, 78, 77, 76, 75, 146, 147, 72, 71]","[71, 72, 147, 146, 75, 76, 77, 78, 145, 137]","[100, 37, 40, 91, 217, 76, 50, 243, 132, 75]"
90,101,"[101, 245, 241, 200, 49, 178, 111, 87, 184, 106]","[137, 145, 78, 77, 76, 75, 146, 147, 72, 71]","[71, 72, 147, 146, 75, 76, 77, 78, 145, 137]","[101, 52, 210, 174, 95, 58, 184, 148, 45, 219]"
91,102,"[102, 57, 13, 224, 138, 236, 264, 145, 120, 180]","[102, 122, 250, 155, 249, 244, 179, 169, 90, 167]","[167, 90, 169, 179, 244, 249, 155, 250, 122, 102]","[102, 164, 126, 122, 131, 257, 185, 18, 247, 256]"
92,103,"[103, 146, 220, 222, 236, 155, 138, 180, 9, 233]","[137, 145, 78, 77, 76, 75, 146, 147, 72, 71]","[71, 72, 147, 146, 75, 76, 77, 78, 145, 137]","[103, 39, 69, 219, 184, 120, 58, 148, 41, 250]"
93,104,"[104, 137, 68, 160, 96, 59, 63, 192, 182, 78]","[104, 182, 247, 190, 187, 29, 85, 223, 127, 84]","[84, 127, 223, 85, 29, 187, 190, 247, 182, 104]","[104, 232, 74, 127, 196, 138, 65, 215, 30, 173]"
94,105,"[105, 40, 111, 113, 39, 182, 141, 192, 224, 189]","[105, 160, 253, 268, 73, 261, 133, 232, 123, 226]","[226, 123, 232, 133, 261, 73, 268, 253, 160, 105]","[105, 133, 202, 253, 245, 211, 268, 115, 123, 160]"
95,106,"[106, 126, 87, 41, 49, 245, 238, 101, 225, 130]","[137, 145, 78, 77, 76, 75, 146, 147, 72, 71]","[71, 72, 147, 146, 75, 76, 77, 78, 145, 137]","[106, 217, 124, 51, 40, 97, 72, 71, 37, 86]"
96,107,"[107, 132, 125, 138, 167, 190, 264, 242, 220, 194]","[137, 145, 78, 77, 76, 75, 146, 147, 72, 71]","[71, 72, 147, 146, 75, 76, 77, 78, 145, 137]","[107, 192, 264, 117, 95, 238, 61, 197, 109, 101]"
97,108,"[108, 58, 64, 232, 255, 79, 262, 229, 69, 177]","[108, 150, 47, 262, 8, 81, 135, 57, 170, 265]","[265, 170, 57, 135, 81, 8, 262, 47, 150, 108]","[108, 8, 47, 262, 150, 48, 157, 231, 135, 57]"
98,109,"[109, 37, 27, 175, 16, 257, 256, 173, 18, 218]","[137, 145, 78, 77, 76, 75, 146, 147, 72, 71]","[71, 72, 147, 146, 75, 76, 77, 78, 145, 137]","[109, 61, 153, 212, 264, 117, 174, 197, 192, 101]"
99,110,"[110, 167, 113, 44, 115, 127, 137, 182, 77, 197]","[110, 153, 91, 124, 144, 191, 201, 227, 87, 138]","[138, 87, 227, 201, 191, 144, 124, 91, 153, 110]","[110, 125, 205, 193, 85, 89, 223, 142, 83, 229]"
100,111,"[111, 113, 105, 184, 200, 141, 189, 167, 39, 101]","[137, 145, 78, 77, 76, 75, 146, 147, 72, 71]","[71, 72, 147, 146, 75, 76, 77, 78, 145, 137]","[111, 75, 132, 243, 180, 206, 147, 199, 175, 189]"
101,112,"[112, 224, 196, 222, 165, 258, 99, 180, 55, 178]","[112, 268, 123, 253, 260, 265, 226, 105, 160, 261]","[261, 160, 105, 226, 265, 260, 253, 123, 268, 112]","[112, 43, 237, 240, 82, 94, 33, 24, 81, 79]"
102,113,"[113, 167, 111, 40, 224, 105, 98, 39, 141, 192]","[113, 205, 6, 218, 211, 217, 3, 164, 124, 250]","[250, 124, 164, 3, 217, 211, 218, 6, 205, 113]","[113, 234, 209, 190, 5, 244, 4, 246, 31, 188]"
103,114,"[114, 192, 209, 40, 63, 80, 182, 194, 224, 86]","[137, 145, 78, 77, 76, 75, 146, 147, 72, 71]","[71, 72, 147, 146, 75, 76, 77, 78, 145, 137]","[114, 19, 36, 239, 68, 200, 46, 98, 77, 168]"
104,115,"[115, 77, 216, 98, 68, 63, 137, 245, 194, 60]","[115, 169, 245, 202, 249, 216, 102, 125, 88, 116]","[116, 88, 125, 102, 216, 249, 202, 245, 169, 115]","[115, 123, 160, 253, 211, 268, 256, 245, 164, 129]"
105,116,"[116, 97, 76, 45, 86, 66, 162, 217, 149, 80]","[116, 125, 11, 196, 169, 144, 126, 202, 250, 249]","[249, 250, 202, 126, 144, 169, 196, 11, 125, 116]","[116, 179, 169, 226, 136, 20, 9, 4, 177, 255]"
106,117,"[117, 124, 80, 67, 66, 60, 140, 114, 86, 116]","[137, 145, 78, 77, 76, 75, 146, 147, 72, 71]","[71, 72, 147, 146, 75, 76, 77, 78, 145, 137]","[117, 264, 192, 61, 238, 107, 197, 109, 95, 212]"
107,118,"[118, 107, 124, 217, 66, 245, 60, 182, 144, 162]","[118, 266, 237, 57, 82, 79, 33, 262, 157, 10]","[10, 157, 262, 33, 79, 82, 57, 237, 266, 118]","[118, 261, 10, 230, 266, 270, 79, 265, 57, 24]"
108,119,"[119, 256, 16, 218, 175, 263, 121, 164, 52, 208]","[137, 145, 78, 77, 76, 75, 146, 147, 72, 71]","[71, 72, 147, 146, 75, 76, 77, 78, 145, 137]","[119, 38, 42, 207, 186, 250, 5, 120, 66, 140]"
109,120,"[120, 236, 147, 238, 51, 39, 267, 65, 208, 224]","[137, 145, 78, 77, 76, 75, 146, 147, 72, 71]","[71, 72, 147, 146, 75, 76, 77, 78, 145, 137]","[120, 103, 39, 250, 186, 45, 184, 58, 219, 148]"
110,121,"[121, 263, 235, 238, 52, 237, 208, 99, 175, 164]","[21, 121, 154, 256, 16, 18, 129, 260, 156, 269]","[269, 156, 260, 129, 18, 16, 256, 154, 121, 21]","[121, 129, 154, 33, 221, 21, 256, 185, 240, 82]"
111,122,"[122, 83, 236, 207, 260, 120, 51, 225, 65, 238]","[122, 155, 244, 250, 179, 90, 252, 167, 249, 136]","[136, 249, 167, 252, 90, 179, 250, 244, 155, 122]","[122, 131, 18, 164, 247, 257, 102, 260, 126, 35]"
112,123,"[123, 73, 36, 134, 96, 154, 189, 55, 40, 114]","[123, 226, 260, 18, 73, 112, 32, 268, 133, 105]","[105, 133, 268, 32, 112, 73, 18, 260, 226, 123]","[123, 115, 160, 253, 211, 256, 268, 245, 129, 164]"
113,124,"[124, 67, 117, 66, 86, 217, 80, 144, 171, 70]","[124, 153, 91, 191, 87, 227, 62, 201, 167, 136]","[136, 167, 201, 62, 227, 87, 191, 91, 153, 124]","[124, 97, 71, 106, 217, 86, 70, 175, 40, 37]"
114,125,"[125, 107, 132, 88, 190, 269, 50, 42, 138, 194]","[125, 116, 196, 11, 250, 249, 169, 88, 122, 246]","[246, 122, 88, 169, 249, 250, 11, 196, 116, 125]","[125, 85, 205, 83, 142, 89, 87, 110, 223, 198]"
115,126,"[126, 238, 106, 143, 192, 245, 147, 176, 152, 184]","[126, 144, 138, 11, 214, 110, 116, 201, 188, 153]","[153, 188, 201, 116, 110, 214, 11, 138, 144, 126]","[126, 102, 257, 131, 164, 122, 247, 185, 18, 260]"
116,127,"[127, 182, 77, 70, 171, 63, 86, 66, 250, 197]","[127, 223, 89, 85, 84, 207, 229, 209, 158, 29]","[29, 158, 209, 229, 207, 84, 85, 89, 223, 127]","[127, 104, 193, 232, 74, 144, 196, 258, 65, 138]"
117,128,"[128, 147, 52, 65, 51, 122, 120, 238, 142, 90]","[137, 145, 78, 77, 76, 75, 146, 147, 72, 71]","[71, 72, 147, 146, 75, 76, 77, 78, 145, 137]","[128, 222, 195, 64, 194, 204, 176, 78, 163, 80]"
118,129,"[129, 130, 175, 214, 263, 25, 52, 146, 215, 256]","[129, 60, 156, 269, 38, 16, 5, 13, 31, 23]","[23, 31, 13, 5, 16, 38, 269, 156, 60, 129]","[129, 121, 154, 221, 21, 256, 33, 185, 240, 102]"
119,130,"[130, 193, 129, 41, 106, 99, 189, 223, 214, 148]","[130, 225, 190, 196, 11, 234, 188, 236, 125, 127]","[127, 125, 236, 188, 234, 11, 196, 190, 225, 130]","[130, 11, 227, 3, 171, 246, 187, 6, 218, 42]"
120,131,"[131, 148, 223, 165, 225, 99, 49, 73, 55, 260]","[131, 137, 145, 78, 77, 76, 75, 146, 147, 72]","[72, 147, 146, 75, 76, 77, 78, 145, 137, 131]","[131, 257, 247, 122, 260, 18, 126, 164, 102, 35]"
121,132,"[132, 194, 195, 107, 242, 98, 182, 42, 264, 186]","[137, 145, 78, 77, 76, 75, 146, 147, 72, 71]","[71, 72, 147, 146, 75, 76, 77, 78, 145, 137]","[132, 243, 75, 111, 175, 180, 206, 86, 147, 199]"
122,133,"[133, 97, 86, 140, 177, 33, 76, 232, 124, 67]","[133, 232, 73, 177, 187, 104, 183, 247, 182, 258]","[258, 182, 247, 183, 104, 187, 177, 73, 232, 133]","[133, 105, 253, 202, 211, 245, 115, 268, 123, 160]"
123,134,"[134, 36, 40, 189, 234, 141, 105, 68, 62, 123]","[137, 145, 78, 77, 76, 75, 146, 147, 72, 71]","[71, 72, 147, 146, 75, 76, 77, 78, 145, 137]","[134, 173, 263, 65, 229, 215, 138, 74, 223, 30]"
124,135,"[135, 222, 89, 180, 6, 155, 220, 174, 57, 103]","[135, 81, 150, 32, 18, 129, 256, 154, 123, 240]","[240, 123, 154, 256, 129, 18, 32, 150, 81, 135]","[135, 57, 270, 157, 231, 150, 48, 230, 261, 118]"
125,136,"[136, 44, 141, 216, 20, 167, 115, 74, 68, 199]","[136, 178, 185, 2, 148, 147, 146, 145, 143, 142]","[142, 143, 145, 146, 147, 148, 2, 185, 178, 136]","[136, 169, 20, 179, 116, 226, 236, 156, 161, 269]"
126,137,"[137, 68, 96, 63, 104, 182, 40, 160, 77, 115]","[137, 145, 78, 77, 76, 75, 146, 147, 72, 71]","[71, 72, 147, 146, 75, 76, 77, 78, 145, 137]","[137, 208, 149, 203, 63, 178, 166, 80, 200, 46]"
127,138,"[138, 102, 184, 167, 107, 190, 132, 220, 103, 146]","[138, 144, 201, 153, 227, 59, 87, 91, 62, 191]","[191, 62, 91, 87, 59, 227, 153, 201, 144, 138]","[138, 215, 74, 30, 173, 65, 134, 196, 232, 263]"
128,140,"[140, 65, 90, 80, 67, 147, 86, 192, 242, 114]","[140, 198, 186, 176, 224, 212, 173, 165, 171, 208]","[208, 171, 165, 173, 212, 224, 176, 186, 198, 140]","[140, 2, 38, 66, 145, 31, 72, 76, 91, 51]"
129,141,"[141, 40, 111, 105, 113, 189, 39, 134, 234, 167]","[137, 145, 78, 77, 76, 75, 146, 147, 72, 71]","[71, 72, 147, 146, 75, 76, 77, 78, 145, 137]","[141, 146, 55, 29, 62, 151, 233, 235, 163, 176]"
130,142,"[142, 126, 152, 207, 213, 147, 116, 106, 143, 140]","[137, 145, 78, 77, 76, 75, 146, 147, 72, 71]","[71, 72, 147, 146, 75, 76, 77, 78, 145, 137]","[142, 83, 85, 198, 125, 241, 87, 89, 205, 223]"
131,143,"[143, 176, 126, 238, 152, 99, 257, 207, 121, 175]","[137, 145, 78, 77, 76, 75, 146, 147, 72, 71]","[71, 72, 147, 146, 75, 76, 77, 78, 145, 137]","[143, 242, 68, 153, 212, 239, 19, 36, 109, 61]"
132,144,"[144, 124, 67, 152, 66, 71, 21, 166, 245, 140]","[144, 201, 153, 227, 138, 87, 91, 62, 191, 110]","[110, 191, 62, 91, 87, 138, 227, 153, 201, 144]","[144, 88, 29, 55, 258, 62, 216, 196, 232, 23]"
133,145,"[145, 194, 195, 264, 102, 132, 70, 236, 191, 167]","[137, 145, 78, 77, 76, 75, 146, 147, 72, 71]","[71, 72, 147, 146, 75, 76, 77, 78, 145, 137]","[145, 140, 2, 72, 51, 66, 76, 38, 106, 91]"
134,146,"[146, 220, 103, 39, 224, 180, 184, 21, 189, 174]","[137, 145, 78, 77, 76, 75, 146, 147, 72, 71]","[71, 72, 147, 146, 75, 76, 77, 78, 145, 137]","[146, 141, 55, 29, 151, 233, 235, 163, 62, 176]"
135,147,"[147, 238, 120, 90, 65, 140, 128, 225, 99, 126]","[137, 145, 78, 77, 76, 75, 146, 147, 72, 71]","[71, 72, 147, 146, 75, 76, 77, 78, 145, 137]","[147, 180, 206, 189, 111, 75, 267, 199, 54, 132]"
136,148,"[148, 189, 174, 55, 41, 130, 223, 183, 131, 73]","[137, 145, 78, 77, 76, 75, 146, 147, 72, 71]","[71, 72, 147, 146, 75, 76, 77, 78, 145, 137]","[148, 219, 58, 184, 210, 69, 39, 52, 101, 103]"
137,149,"[149, 86, 177, 77, 195, 97, 116, 194, 76, 66]","[137, 145, 78, 77, 76, 75, 146, 147, 72, 71]","[71, 72, 147, 146, 75, 76, 77, 78, 145, 137]","[149, 137, 63, 166, 178, 208, 80, 203, 200, 46]"
138,150,"[150, 224, 49, 39, 253, 98, 200, 114, 209, 71]","[150, 108, 135, 262, 231, 47, 48, 123, 170, 57]","[57, 170, 123, 48, 47, 231, 262, 135, 108, 150]","[150, 157, 48, 231, 135, 8, 57, 262, 108, 270]"
139,151,"[151, 252, 160, 64, 232, 234, 106, 134, 61, 82]","[137, 145, 78, 77, 76, 75, 146, 147, 72, 71]","[71, 72, 147, 146, 75, 76, 77, 78, 145, 137]","[151, 235, 233, 163, 176, 194, 146, 64, 195, 222]"
140,152,"[152, 75, 126, 143, 140, 182, 176, 144, 99, 207]","[137, 145, 78, 77, 76, 75, 146, 147, 72, 71]","[71, 72, 147, 146, 75, 76, 77, 78, 145, 137]","[152, 220, 92, 84, 67, 59, 96, 224, 213, 183]"
141,153,"[153, 151, 72, 249, 61, 64, 85, 59, 58, 163]","[153, 201, 227, 91, 124, 87, 62, 191, 167, 55]","[55, 167, 191, 62, 87, 124, 91, 227, 201, 153]","[153, 242, 109, 212, 143, 61, 174, 45, 197, 101]"
142,154,"[154, 152, 166, 123, 59, 117, 114, 71, 160, 99]","[154, 121, 21, 256, 16, 18, 129, 260, 156, 269]","[269, 156, 260, 129, 18, 16, 256, 21, 121, 154]","[154, 221, 129, 21, 121, 185, 256, 33, 102, 126]"
143,155,"[155, 89, 174, 222, 193, 247, 103, 146, 184, 189]","[155, 244, 122, 90, 252, 167, 179, 249, 250, 149]","[149, 250, 249, 179, 167, 252, 90, 122, 244, 155]","[155, 214, 26, 49, 213, 96, 32, 162, 152, 84]"
144,156,"[156, 71, 150, 165, 57, 196, 13, 224, 84, 102]","[156, 269, 126, 116, 11, 214, 125, 196, 130, 234]","[234, 130, 196, 125, 214, 11, 116, 126, 269, 156]","[156, 22, 252, 269, 9, 236, 226, 136, 169, 179]"
145,157,"[157, 171, 70, 217, 127, 66, 250, 124, 182, 195]","[157, 266, 181, 57, 265, 10, 270, 237, 32, 123]","[123, 32, 237, 270, 10, 265, 57, 181, 266, 157]","[157, 150, 231, 48, 135, 57, 8, 270, 262, 108]"
146,158,"[158, 32, 84, 112, 165, 237, 226, 21, 263, 121]","[158, 209, 207, 229, 171, 22, 173, 176, 223, 84]","[84, 223, 176, 173, 22, 171, 229, 207, 209, 158]","[158, 32, 89, 183, 26, 110, 67, 125, 241, 59]"
147,160,"[160, 78, 245, 87, 192, 137, 104, 59, 198, 117]","[160, 105, 253, 268, 73, 261, 133, 232, 177, 112]","[112, 177, 232, 133, 261, 73, 268, 253, 105, 160]","[160, 115, 123, 253, 268, 256, 245, 164, 211, 18]"
148,161,"[161, 167, 105, 113, 111, 182, 141, 212, 40, 170]","[161, 239, 146, 80, 147, 78, 77, 76, 75, 148]","[148, 75, 76, 77, 78, 147, 80, 146, 239, 161]","[161, 25, 20, 236, 90, 136, 269, 169, 252, 179]"
149,162,"[162, 66, 195, 191, 194, 86, 116, 140, 132, 97]","[137, 145, 78, 77, 76, 75, 146, 147, 72, 71]","[71, 72, 147, 146, 75, 76, 77, 78, 145, 137]","[162, 49, 213, 96, 214, 155, 152, 92, 220, 84]"
150,163,"[163, 203, 26, 249, 45, 96, 82, 137, 187, 72]","[137, 145, 78, 77, 76, 75, 146, 147, 72, 71]","[71, 72, 147, 146, 75, 76, 77, 78, 145, 137]","[163, 176, 233, 235, 194, 151, 64, 195, 222, 128]"
151,164,"[164, 165, 263, 121, 120, 65, 147, 208, 156, 238]","[164, 205, 74, 6, 113, 211, 236, 3, 20, 196]","[196, 20, 3, 236, 211, 113, 6, 74, 205, 164]","[164, 102, 122, 18, 131, 126, 257, 247, 260, 256]"
152,165,"[165, 224, 71, 49, 196, 99, 164, 120, 222, 21]","[165, 224, 173, 176, 140, 208, 49, 198, 212, 55]","[55, 212, 198, 49, 208, 140, 176, 173, 224, 165]","[165, 255, 188, 201, 44, 4, 190, 244, 209, 31]"
153,166,"[166, 243, 140, 69, 67, 80, 144, 124, 117, 154]","[137, 145, 78, 77, 76, 75, 146, 147, 72, 71]","[71, 72, 147, 146, 75, 76, 77, 78, 145, 137]","[166, 63, 200, 149, 77, 46, 137, 203, 114, 168]"
154,167,"[167, 113, 182, 111, 161, 245, 141, 44, 110, 115]","[167, 62, 87, 227, 201, 191, 153, 90, 252, 55]","[55, 252, 90, 153, 191, 201, 227, 87, 62, 167]","[167, 16, 225, 171, 130, 23, 88, 227, 187, 11]"
155,168,"[168, 183, 203, 88, 197, 188, 189, 98, 148, 33]","[168, 174, 242, 137, 147, 80, 148, 78, 77, 76]","[76, 77, 78, 148, 80, 147, 137, 242, 174, 168]","[168, 77, 98, 239, 114, 197, 19, 68, 36, 238]"
156,169,"[169, 82, 68, 234, 81, 134, 250, 59, 244, 104]","[169, 249, 245, 102, 125, 202, 155, 122, 244, 250]","[250, 244, 122, 155, 202, 125, 102, 245, 249, 169]","[169, 136, 179, 226, 116, 20, 9, 236, 156, 269]"
157,170,"[170, 161, 136, 44, 167, 141, 111, 68, 137, 234]","[170, 32, 226, 18, 123, 112, 60, 260, 129, 23]","[23, 129, 260, 60, 112, 123, 18, 226, 32, 170]","[170, 43, 181, 112, 237, 211, 81, 240, 265, 79]"
158,171,"[171, 217, 66, 70, 127, 86, 124, 67, 195, 117]","[171, 176, 173, 140, 207, 209, 186, 224, 22, 27]","[27, 22, 224, 186, 209, 207, 140, 173, 176, 171]","[171, 187, 227, 16, 130, 23, 167, 225, 11, 3]"
159,173,"[173, 62, 126, 175, 263, 143, 241, 238, 111, 101]","[173, 176, 224, 140, 165, 171, 198, 22, 208, 186]","[186, 208, 22, 198, 171, 165, 140, 224, 176, 173]","[173, 65, 134, 215, 138, 74, 263, 30, 229, 223]"
160,174,"[174, 189, 180, 55, 98, 220, 148, 155, 146, 141]","[174, 168, 242, 137, 147, 80, 148, 78, 77, 76]","[76, 77, 78, 148, 80, 147, 137, 242, 168, 174]","[174, 101, 52, 210, 45, 109, 95, 184, 58, 153]"
161,175,"[175, 256, 129, 263, 238, 121, 143, 16, 214, 247]","[137, 145, 78, 77, 76, 75, 146, 147, 72, 71]","[71, 72, 147, 146, 75, 76, 77, 78, 145, 137]","[175, 86, 243, 71, 70, 132, 97, 124, 75, 111]"
162,176,"[176, 143, 126, 152, 257, 238, 99, 207, 105, 175]","[176, 173, 224, 140, 171, 165, 198, 22, 208, 186]","[186, 208, 22, 198, 165, 171, 140, 224, 173, 176]","[176, 163, 194, 233, 235, 195, 64, 151, 222, 128]"
163,177,"[177, 149, 86, 97, 133, 140, 232, 67, 116, 76]","[177, 258, 183, 225, 104, 234, 232, 190, 130, 182]","[182, 130, 190, 232, 234, 104, 225, 183, 258, 177]","[177, 209, 4, 234, 190, 113, 116, 179, 188, 255]"
164,178,"[178, 101, 55, 200, 111, 193, 189, 105, 241, 39]","[178, 185, 2, 149, 148, 147, 146, 145, 143, 142]","[142, 143, 145, 146, 147, 148, 149, 2, 185, 178]","[178, 80, 137, 208, 78, 149, 204, 203, 63, 166]"
165,179,"[179, 120, 52, 204, 200, 51, 263, 253, 206, 39]","[179, 257, 90, 122, 244, 252, 155, 212, 161, 136]","[136, 161, 212, 155, 252, 244, 122, 90, 257, 179]","[179, 116, 169, 226, 136, 20, 9, 4, 236, 156]"
166,180,"[180, 174, 220, 224, 222, 146, 233, 191, 236, 194]","[137, 145, 78, 77, 76, 75, 146, 147, 72, 71]","[71, 72, 147, 146, 75, 76, 77, 78, 145, 137]","[180, 147, 206, 111, 75, 189, 199, 132, 267, 243]"
167,181,"[181, 164, 255, 99, 229, 231, 165, 243, 131, 71]","[181, 270, 24, 43, 57, 265, 230, 10, 170, 18]","[18, 170, 10, 230, 265, 57, 43, 24, 270, 181]","[181, 81, 265, 79, 270, 57, 230, 118, 261, 10]"
168,182,"[182, 63, 127, 40, 68, 192, 105, 114, 167, 209]","[182, 247, 104, 29, 187, 85, 223, 84, 190, 127]","[127, 190, 84, 223, 85, 187, 29, 104, 247, 182]","[182, 78, 208, 218, 178, 203, 137, 204, 80, 149]"
169,183,"[183, 223, 189, 168, 20, 203, 87, 98, 148, 96]","[183, 258, 177, 225, 190, 104, 234, 130, 182, 9]","[9, 182, 130, 234, 104, 190, 225, 177, 258, 183]","[183, 89, 241, 224, 59, 67, 198, 84, 142, 158]"
170,184,"[184, 87, 111, 39, 146, 245, 236, 126, 101, 138]","[137, 145, 78, 77, 76, 75, 146, 147, 72, 71]","[71, 72, 147, 146, 75, 76, 77, 78, 145, 137]","[184, 58, 219, 148, 210, 52, 101, 39, 103, 174]"
171,185,"[185, 20, 78, 115, 244, 116, 245, 160, 60, 96]","[178, 185, 2, 149, 148, 147, 146, 145, 143, 142]","[142, 143, 145, 146, 147, 148, 149, 2, 185, 178]","[185, 21, 221, 256, 102, 154, 126, 164, 129, 122]"
172,186,"[186, 194, 192, 63, 191, 86, 132, 195, 180, 40]","[186, 140, 198, 212, 165, 176, 171, 224, 173, 42]","[42, 173, 224, 171, 176, 165, 212, 198, 140, 186]","[186, 207, 120, 45, 250, 174, 103, 52, 39, 153]"
173,187,"[187, 163, 225, 26, 65, 203, 142, 106, 183, 22]","[187, 247, 182, 104, 223, 85, 84, 29, 127, 232]","[232, 127, 29, 84, 85, 223, 104, 182, 247, 187]","[187, 171, 23, 227, 182, 130, 78, 176, 11, 218]"
174,188,"[188, 33, 216, 194, 242, 88, 98, 78, 225, 140]","[188, 11, 35, 127, 59, 138, 207, 89, 85, 74]","[74, 85, 89, 207, 138, 59, 127, 35, 11, 188]","[188, 255, 165, 4, 190, 209, 244, 201, 113, 31]"
175,189,"[189, 55, 98, 174, 200, 40, 148, 39, 111, 49]","[137, 145, 78, 77, 76, 75, 146, 147, 72, 71]","[71, 72, 147, 146, 75, 76, 77, 78, 145, 137]","[189, 267, 147, 54, 206, 180, 69, 199, 111, 75]"
176,190,"[190, 120, 132, 188, 138, 216, 51, 42, 236, 242]","[190, 104, 130, 85, 127, 182, 223, 247, 188, 225]","[225, 188, 247, 223, 182, 127, 85, 130, 104, 190]","[190, 209, 113, 4, 188, 244, 234, 255, 165, 177]"
177,191,"[191, 194, 236, 162, 186, 180, 132, 195, 225, 224]","[191, 62, 87, 227, 201, 153, 167, 55, 174, 239]","[239, 174, 55, 167, 153, 201, 227, 87, 62, 191]","[191, 36, 19, 68, 143, 114, 46, 6, 239, 242]"
178,192,"[192, 245, 114, 39, 194, 216, 209, 40, 78, 98]","[137, 145, 78, 77, 76, 75, 146, 147, 72, 71]","[71, 72, 147, 146, 75, 76, 77, 78, 145, 137]","[192, 264, 107, 117, 238, 61, 197, 95, 109, 212]"
179,193,"[193, 130, 222, 89, 155, 219, 178, 247, 184, 55]","[193, 216, 234, 9, 115, 225, 94, 202, 258, 130]","[130, 258, 202, 94, 225, 115, 9, 234, 216, 193]","[193, 127, 205, 110, 104, 232, 229, 223, 74, 65]"
180,194,"[194, 192, 195, 132, 86, 186, 98, 191, 209, 216]","[137, 145, 78, 77, 76, 75, 146, 147, 72, 71]","[71, 72, 147, 146, 75, 76, 77, 78, 145, 137]","[194, 176, 163, 195, 64, 222, 128, 233, 235, 151]"
181,195,"[195, 86, 194, 132, 63, 66, 182, 77, 162, 209]","[137, 145, 78, 77, 76, 75, 146, 147, 72, 71]","[71, 72, 147, 146, 75, 76, 77, 78, 145, 137]","[195, 64, 128, 222, 194, 176, 163, 204, 235, 233]"
182,196,"[196, 21, 165, 112, 224, 146, 84, 220, 150, 39]","[196, 11, 125, 130, 246, 236, 188, 35, 190, 186]","[186, 190, 35, 188, 236, 246, 130, 125, 11, 196]","[196, 30, 62, 232, 138, 74, 215, 104, 55, 144]"
183,197,"[197, 96, 40, 77, 98, 182, 115, 127, 137, 188]","[137, 145, 78, 77, 76, 75, 146, 147, 72, 71]","[71, 72, 147, 146, 75, 76, 77, 78, 145, 137]","[197, 238, 61, 117, 264, 212, 192, 109, 107, 98]"
184,198,"[198, 87, 78, 192, 194, 245, 160, 216, 188, 39]","[198, 140, 212, 42, 208, 224, 49, 186, 55, 176]","[176, 55, 186, 49, 224, 208, 42, 212, 140, 198]","[198, 241, 142, 83, 85, 183, 89, 125, 224, 87]"
185,199,"[199, 44, 136, 115, 167, 68, 40, 183, 110, 111]","[137, 145, 78, 77, 76, 75, 146, 147, 72, 71]","[71, 72, 147, 146, 75, 76, 77, 78, 145, 137]","[199, 50, 206, 41, 180, 75, 111, 147, 189, 267]"
186,200,"[200, 189, 111, 101, 150, 55, 98, 223, 241, 39]","[137, 145, 78, 77, 76, 75, 146, 147, 72, 71]","[71, 72, 147, 146, 75, 76, 77, 78, 145, 137]","[200, 46, 114, 166, 63, 19, 36, 77, 203, 168]"
187,201,"[201, 80, 163, 82, 99, 96, 114, 225, 140, 209]","[201, 227, 87, 62, 191, 153, 167, 124, 91, 55]","[55, 91, 124, 167, 153, 191, 62, 87, 227, 201]","[201, 44, 165, 255, 188, 31, 244, 2, 190, 4]"
188,202,"[202, 209, 86, 242, 240, 195, 66, 132, 114, 194]","[202, 169, 125, 249, 245, 205, 116, 250, 102, 122]","[122, 102, 250, 116, 205, 245, 249, 125, 169, 202]","[202, 245, 105, 258, 268, 216, 60, 88, 133, 225]"
189,203,"[203, 163, 26, 249, 96, 216, 168, 137, 183, 115]","[137, 145, 78, 77, 76, 75, 146, 147, 72, 71]","[71, 72, 147, 146, 75, 76, 77, 78, 145, 137]","[203, 137, 208, 63, 46, 200, 166, 149, 218, 178]"
190,204,"[204, 120, 242, 147, 90, 51, 140, 65, 52, 179]","[137, 145, 78, 77, 76, 75, 146, 147, 72, 71]","[71, 72, 147, 146, 75, 76, 77, 78, 145, 137]","[204, 80, 178, 78, 208, 137, 128, 149, 222, 182]"
191,205,"[205, 183, 241, 130, 210, 20, 173, 59, 104, 143]","[205, 164, 113, 6, 218, 74, 217, 186, 165, 250]","[250, 165, 186, 217, 74, 218, 6, 113, 164, 205]","[205, 223, 125, 229, 85, 87, 193, 263, 110, 83]"
192,206,"[206, 84, 120, 150, 196, 21, 188, 253, 204, 242]","[137, 145, 78, 77, 76, 75, 146, 147, 72, 71]","[71, 72, 147, 146, 75, 76, 77, 78, 145, 137]","[206, 180, 147, 189, 199, 111, 75, 267, 132, 54]"
193,207,"[207, 83, 216, 98, 152, 122, 126, 236, 20, 225]","[207, 209, 229, 158, 171, 89, 85, 22, 27, 176]","[176, 27, 22, 85, 89, 171, 158, 229, 209, 207]","[207, 186, 42, 45, 120, 153, 242, 143, 174, 191]"
194,208,"[208, 263, 120, 238, 121, 147, 52, 235, 236, 218]","[208, 49, 242, 55, 168, 174, 83, 149, 151, 80]","[80, 151, 149, 83, 174, 168, 55, 242, 49, 208]","[208, 137, 203, 178, 149, 78, 63, 80, 166, 182]"
195,209,"[209, 114, 192, 40, 194, 245, 68, 182, 86, 98]","[209, 229, 158, 207, 171, 84, 223, 85, 27, 89]","[89, 27, 85, 223, 84, 171, 207, 158, 229, 209]","[209, 190, 113, 4, 234, 188, 244, 177, 255, 5]"
196,210,"[210, 249, 2, 205, 59, 61, 44, 137, 104, 203]","[137, 145, 78, 77, 76, 75, 146, 147, 72, 71]","[71, 72, 147, 146, 75, 76, 77, 78, 145, 137]","[210, 52, 101, 174, 58, 184, 95, 148, 219, 45]"
197,211,"[211, 116, 124, 117, 80, 67, 60, 162, 188, 86]","[211, 113, 205, 164, 6, 3, 248, 218, 217, 74]","[74, 217, 218, 248, 3, 6, 164, 205, 113, 211]","[211, 253, 115, 123, 160, 105, 133, 268, 245, 240]"
198,212,"[212, 161, 103, 113, 167, 141, 146, 95, 105, 266]","[212, 198, 42, 49, 208, 55, 242, 174, 140, 168]","[168, 140, 174, 242, 55, 208, 49, 42, 198, 212]","[212, 61, 197, 109, 242, 153, 238, 143, 117, 264]"
199,213,"[213, 142, 126, 246, 75, 64, 76, 19, 152, 160]","[137, 145, 78, 77, 76, 75, 146, 147, 72, 71]","[71, 72, 147, 146, 75, 76, 77, 78, 145, 137]","[213, 96, 152, 92, 220, 214, 84, 67, 59, 224]"
200,214,"[214, 129, 130, 175, 155, 41, 222, 27, 193, 184]","[214, 11, 4, 188, 126, 196, 35, 110, 138, 74]","[74, 138, 110, 35, 196, 126, 188, 4, 11, 214]","[214, 155, 213, 96, 152, 84, 26, 220, 92, 67]"
201,215,"[215, 18, 129, 236, 27, 52, 121, 42, 100, 263]","[137, 145, 78, 77, 76, 75, 146, 147, 72, 71]","[71, 72, 147, 146, 75, 76, 77, 78, 145, 137]","[215, 138, 173, 30, 65, 74, 134, 263, 196, 232]"
202,216,"[216, 245, 98, 192, 78, 87, 115, 194, 77, 188]","[216, 234, 196, 130, 225, 125, 202, 9, 169, 115]","[115, 169, 9, 202, 125, 225, 130, 196, 234, 216]","[216, 88, 258, 225, 16, 144, 167, 23, 171, 187]"
203,217,"[217, 66, 171, 70, 124, 86, 116, 127, 195, 67]","[217, 218, 239, 137, 146, 147, 80, 148, 78, 77]","[77, 78, 148, 80, 147, 146, 137, 239, 218, 217]","[217, 40, 106, 124, 37, 51, 100, 72, 91, 76]"
204,218,"[218, 256, 16, 208, 27, 119, 263, 121, 52, 238]","[218, 217, 124, 191, 212, 42, 239, 161, 62, 87]","[87, 62, 161, 239, 42, 212, 191, 124, 217, 218]","[218, 6, 203, 46, 208, 191, 182, 200, 137, 36]"
205,219,"[219, 222, 247, 193, 89, 268, 100, 155, 103, 9]","[137, 145, 78, 77, 76, 75, 146, 147, 72, 71]","[71, 72, 147, 146, 75, 76, 77, 78, 145, 137]","[219, 148, 58, 184, 69, 39, 210, 103, 52, 101]"
206,220,"[220, 146, 180, 174, 224, 39, 103, 120, 196, 222]","[137, 145, 78, 77, 76, 75, 146, 147, 72, 71]","[71, 72, 147, 146, 75, 76, 77, 78, 145, 137]","[220, 92, 152, 84, 67, 59, 224, 96, 213, 183]"
207,221,"[221, 152, 11, 121, 237, 27, 50, 21, 42, 176]","[221, 27, 59, 212, 198, 22, 140, 165, 224, 176]","[176, 224, 165, 140, 22, 198, 212, 59, 27, 221]","[221, 154, 21, 185, 129, 256, 121, 102, 126, 164]"
208,222,"[222, 219, 180, 236, 193, 224, 247, 165, 146, 155]","[137, 145, 78, 77, 76, 75, 146, 147, 72, 71]","[71, 72, 147, 146, 75, 76, 77, 78, 145, 137]","[222, 128, 195, 64, 194, 204, 176, 163, 78, 80]"
209,223,"[223, 189, 87, 183, 55, 200, 39, 101, 130, 20]","[223, 127, 85, 229, 84, 209, 89, 207, 158, 29]","[29, 158, 207, 89, 209, 84, 229, 85, 127, 223]","[223, 229, 87, 263, 205, 134, 65, 173, 74, 85]"
210,224,"[224, 165, 39, 71, 113, 150, 99, 236, 180, 112]","[224, 173, 176, 208, 165, 198, 140, 49, 55, 212]","[212, 55, 49, 140, 198, 165, 208, 176, 173, 224]","[224, 59, 67, 84, 220, 92, 152, 183, 241, 198]"
211,225,"[225, 22, 147, 87, 65, 192, 245, 99, 216, 98]","[225, 234, 130, 258, 190, 9, 183, 196, 11, 177]","[177, 11, 196, 183, 9, 190, 258, 130, 234, 225]","[225, 16, 167, 88, 171, 23, 216, 187, 227, 130]"
212,226,"[226, 219, 268, 230, 158, 222, 84, 261, 196, 193]","[226, 260, 60, 18, 177, 183, 258, 9, 133, 73]","[73, 133, 9, 258, 183, 177, 18, 60, 260, 226]","[226, 169, 116, 179, 9, 136, 156, 20, 255, 4]"
213,227,"[227, 77, 86, 194, 195, 132, 63, 216, 127, 186]","[227, 87, 201, 62, 191, 153, 167, 55, 174, 124]","[124, 174, 55, 167, 153, 191, 62, 201, 87, 227]","[227, 130, 11, 171, 187, 3, 182, 218, 6, 23]"
214,229,"[229, 255, 232, 73, 30, 225, 99, 131, 76, 10]","[229, 209, 207, 158, 84, 85, 171, 223, 89, 29]","[29, 89, 223, 171, 85, 84, 158, 207, 209, 229]","[229, 223, 263, 134, 65, 87, 173, 205, 74, 138]"
215,230,"[230, 131, 226, 193, 223, 84, 165, 219, 148, 196]","[230, 181, 270, 8, 57, 265, 48, 231, 170, 10]","[10, 170, 231, 48, 265, 57, 8, 270, 181, 230]","[230, 118, 261, 10, 270, 266, 265, 79, 57, 81]"
216,231,"[231, 243, 176, 255, 147, 152, 143, 69, 99, 140]","[231, 48, 262, 8, 57, 230, 181, 47, 270, 265]","[265, 270, 47, 181, 230, 57, 8, 262, 48, 231]","[231, 48, 157, 150, 135, 57, 8, 270, 262, 108]"
217,232,"[232, 58, 76, 114, 97, 229, 140, 255, 133, 177]","[232, 187, 104, 177, 133, 247, 182, 183, 190, 258]","[258, 190, 183, 182, 247, 133, 177, 104, 187, 232]","[232, 104, 74, 196, 127, 138, 65, 30, 215, 173]"
218,233,"[233, 180, 236, 222, 146, 220, 224, 91, 103, 247]","[137, 145, 78, 77, 76, 75, 146, 147, 72, 71]","[71, 72, 147, 146, 75, 76, 77, 78, 145, 137]","[233, 235, 151, 163, 176, 194, 146, 64, 195, 222]"
219,234,"[234, 68, 40, 63, 134, 82, 141, 239, 137, 192]","[234, 225, 130, 9, 258, 196, 216, 190, 183, 11]","[11, 183, 190, 216, 196, 258, 9, 130, 225, 234]","[234, 113, 209, 190, 5, 246, 177, 244, 4, 188]"
220,235,"[235, 237, 121, 238, 263, 208, 16, 143, 247, 236]","[137, 145, 78, 77, 76, 75, 146, 147, 72, 71]","[71, 72, 147, 146, 75, 76, 77, 78, 145, 137]","[235, 233, 151, 163, 176, 194, 146, 64, 195, 222]"
221,236,"[236, 120, 224, 191, 222, 122, 233, 83, 238, 264]","[236, 26, 246, 88, 22, 29, 207, 158, 223, 209]","[209, 223, 158, 207, 29, 22, 88, 246, 26, 236]","[236, 269, 252, 136, 20, 156, 161, 169, 25, 22]"
222,237,"[237, 235, 121, 263, 208, 238, 100, 221, 247, 236]","[237, 82, 33, 251, 266, 10, 261, 32, 226, 5]","[5, 226, 32, 261, 10, 266, 251, 33, 82, 237]","[237, 240, 112, 33, 43, 82, 121, 129, 94, 154]"
223,238,"[238, 126, 147, 263, 120, 121, 143, 236, 99, 51]","[137, 145, 78, 77, 76, 75, 146, 147, 72, 71]","[71, 72, 147, 146, 75, 76, 77, 78, 145, 137]","[238, 197, 117, 264, 61, 192, 107, 212, 109, 95]"
224,239,"[239, 244, 234, 40, 63, 192, 141, 39, 136, 245]","[239, 137, 80, 146, 78, 77, 76, 75, 147, 148]","[148, 147, 75, 76, 77, 78, 146, 80, 137, 239]","[239, 68, 98, 114, 19, 36, 143, 212, 242, 168]"
225,240,"[240, 95, 91, 202, 132, 182, 42, 21, 11, 40]","[240, 94, 193, 115, 216, 202, 245, 169, 234, 9]","[9, 234, 169, 245, 202, 216, 115, 193, 94, 240]","[240, 237, 33, 112, 121, 82, 129, 43, 154, 221]"
226,241,"[241, 101, 200, 111, 178, 29, 183, 223, 189, 78]","[137, 145, 78, 77, 76, 75, 146, 147, 72, 71]","[71, 72, 147, 146, 75, 76, 77, 78, 145, 137]","[241, 198, 142, 83, 183, 89, 85, 125, 224, 59]"
227,242,"[242, 267, 132, 98, 140, 194, 188, 202, 204, 86]","[242, 168, 174, 49, 55, 208, 83, 149, 151, 80]","[80, 151, 149, 83, 208, 55, 49, 174, 168, 242]","[242, 143, 153, 212, 109, 68, 239, 61, 197, 45]"
228,243,"[243, 166, 255, 69, 231, 144, 140, 117, 67, 124]","[137, 145, 78, 77, 76, 75, 146, 147, 72, 71]","[71, 72, 147, 146, 75, 76, 77, 78, 145, 137]","[243, 132, 75, 111, 175, 86, 180, 37, 100, 206]"
229,244,"[244, 239, 104, 136, 185, 192, 160, 20, 78, 68]","[244, 155, 122, 90, 252, 167, 179, 83, 148, 149]","[149, 148, 83, 179, 167, 252, 90, 122, 155, 244]","[244, 31, 113, 5, 190, 209, 188, 234, 165, 4]"
230,245,"[245, 192, 216, 87, 39, 78, 194, 98, 209, 101]","[245, 169, 249, 88, 102, 155, 122, 202, 244, 125]","[125, 244, 202, 122, 155, 102, 88, 249, 169, 245]","[245, 268, 202, 60, 160, 73, 253, 18, 105, 13]"
231,246,"[246, 133, 203, 75, 82, 97, 213, 45, 76, 163]","[246, 236, 26, 165, 173, 176, 171, 22, 224, 186]","[186, 224, 22, 171, 176, 173, 165, 26, 236, 246]","[246, 5, 234, 113, 3, 209, 244, 190, 11, 119]"
232,247,"[247, 224, 222, 236, 99, 165, 219, 260, 155, 193]","[247, 182, 187, 104, 85, 223, 84, 127, 29, 190]","[190, 29, 127, 84, 223, 85, 104, 187, 182, 247]","[247, 257, 131, 260, 35, 122, 249, 27, 18, 126]"
233,248,"[248, 93, 198, 211, 188, 94, 190, 67, 253, 88]","[248, 88, 211, 113, 179, 205, 245, 202, 257, 125]","[125, 257, 202, 245, 205, 179, 113, 211, 88, 248]","[248, 13, 60, 73, 161, 20, 177, 25, 179, 136]"
234,249,"[249, 203, 163, 96, 137, 61, 72, 26, 68, 210]","[249, 155, 169, 122, 244, 245, 102, 250, 179, 125]","[125, 179, 250, 102, 245, 244, 122, 169, 155, 249]","[249, 35, 260, 247, 90, 27, 257, 25, 252, 131]"
235,250,"[250, 137, 127, 245, 192, 160, 80, 104, 68, 209]","[250, 122, 155, 244, 179, 167, 90, 124, 252, 102]","[102, 252, 124, 90, 167, 179, 244, 155, 122, 250]","[250, 120, 41, 103, 39, 50, 69, 186, 199, 219]"
236,251,"[251, 232, 114, 63, 195, 133, 86, 68, 76, 191]","[251, 237, 5, 38, 13, 23, 129, 3, 31, 60]","[60, 31, 3, 129, 23, 13, 38, 5, 237, 251]","[251, 22, 252, 269, 156, 236, 9, 249, 90, 136]"
237,252,"[252, 151, 78, 192, 234, 64, 245, 106, 68, 40]","[252, 90, 137, 80, 146, 78, 77, 76, 75, 147]","[147, 75, 76, 77, 78, 146, 80, 137, 90, 252]","[252, 269, 236, 22, 156, 136, 90, 251, 161, 25]"
238,253,"[253, 150, 200, 96, 98, 189, 55, 209, 197, 206]","[253, 160, 268, 105, 73, 261, 133, 112, 232, 226]","[226, 232, 112, 133, 261, 73, 105, 268, 160, 253]","[253, 115, 123, 160, 211, 268, 245, 105, 133, 202]"
239,255,"[255, 140, 243, 65, 229, 71, 232, 80, 147, 166]","[137, 145, 78, 77, 76, 75, 146, 147, 72, 71]","[71, 72, 147, 146, 75, 76, 77, 78, 145, 137]","[255, 188, 165, 4, 190, 9, 201, 44, 209, 226]"
240,256,"[256, 218, 16, 52, 175, 238, 119, 121, 263, 208]","[256, 21, 121, 154, 16, 18, 129, 260, 156, 60]","[60, 156, 260, 129, 18, 16, 154, 121, 21, 256]","[256, 185, 221, 102, 164, 129, 21, 154, 126, 121]"
241,257,"[257, 176, 42, 143, 207, 238, 25, 126, 109, 236]","[257, 179, 136, 178, 185, 2, 174, 239, 134, 141]","[141, 134, 239, 174, 2, 185, 178, 136, 179, 257]","[257, 131, 247, 122, 126, 260, 35, 249, 102, 164]"
242,258,"[258, 224, 112, 113, 150, 209, 40, 114, 180, 73]","[258, 225, 183, 177, 234, 190, 9, 104, 130, 182]","[182, 130, 104, 9, 190, 234, 177, 183, 225, 258]","[258, 216, 88, 144, 225, 127, 16, 167, 202, 23]"
243,260,"[260, 122, 247, 236, 89, 191, 222, 165, 83, 207]","[260, 226, 177, 18, 258, 60, 183, 225, 232, 234]","[234, 232, 225, 183, 60, 258, 18, 177, 226, 260]","[260, 35, 247, 27, 249, 131, 257, 122, 18, 90]"
244,261,"[261, 247, 222, 219, 208, 233, 268, 100, 135, 237]","[261, 268, 160, 253, 105, 33, 82, 73, 133, 10]","[10, 133, 73, 82, 33, 105, 253, 160, 268, 261]","[261, 118, 10, 230, 266, 270, 79, 265, 57, 93]"
245,262,"[262, 255, 65, 252, 147, 225, 106, 92, 126, 142]","[262, 47, 8, 231, 48, 57, 181, 118, 230, 150]","[150, 230, 118, 181, 57, 48, 231, 8, 47, 262]","[262, 8, 108, 150, 157, 48, 231, 57, 47, 135]"
246,263,"[263, 121, 238, 208, 52, 237, 126, 164, 175, 235]","[137, 145, 78, 77, 76, 75, 146, 147, 72, 71]","[71, 72, 147, 146, 75, 76, 77, 78, 145, 137]","[263, 134, 229, 223, 65, 173, 87, 74, 215, 138]"
247,264,"[264, 236, 132, 102, 145, 167, 42, 224, 50, 11]","[137, 145, 78, 77, 76, 75, 146, 147, 72, 71]","[71, 72, 147, 146, 75, 76, 77, 78, 145, 137]","[264, 117, 192, 107, 61, 238, 197, 109, 95, 212]"
248,265,"[265, 20, 96, 239, 185, 244, 106, 49, 79, 151]","[265, 270, 112, 57, 123, 181, 18, 10, 170, 32]","[32, 170, 10, 18, 181, 123, 57, 112, 270, 265]","[265, 81, 79, 230, 270, 118, 261, 57, 181, 10]"
249,266,"[266, 269, 194, 42, 132, 209, 264, 146, 236, 195]","[266, 237, 82, 33, 157, 118, 10, 261, 105, 123]","[123, 105, 261, 10, 118, 157, 33, 82, 237, 266]","[266, 10, 261, 118, 230, 93, 24, 79, 94, 270]"
250,267,"[267, 242, 120, 147, 140, 165, 224, 186, 90, 238]","[137, 145, 78, 77, 76, 75, 146, 147, 72, 71]","[71, 72, 147, 146, 75, 76, 77, 78, 145, 137]","[267, 54, 189, 69, 206, 147, 148, 219, 180, 199]"
251,268,"[268, 100, 219, 121, 84, 263, 164, 9, 196, 208]","[268, 253, 160, 105, 261, 73, 112, 133, 232, 226]","[226, 232, 133, 112, 73, 261, 105, 160, 253, 268]","[268, 245, 160, 18, 60, 73, 253, 202, 164, 115]"
252,269,"[269, 266, 125, 145, 132, 195, 194, 202, 95, 264]","[269, 156, 126, 116, 214, 11, 125, 144, 196, 138]","[138, 196, 144, 125, 11, 214, 116, 126, 156, 269]","[269, 252, 236, 156, 22, 136, 161, 20, 90, 25]"
253,270,"[270, 166, 150, 164, 156, 243, 253, 181, 206, 154]","[270, 57, 265, 181, 10, 230, 112, 170, 157, 24]","[24, 157, 170, 112, 230, 10, 181, 265, 57, 270]","[270, 57, 230, 118, 261, 265, 135, 10, 79, 266]"
